,id,name,neighborhood,address,city,state,postal_code,latitude,longitude,stars,review_count,is_open,id,business_id,category
0,018BsTDbjFjZyWgR0rW_1w,Healthcare Preparatory Institute,Northwest,"5831 W Craig Rd, Ste 102",Las Vegas,NV,89130,36.2375,-115.224,2.0,4,1,18,PfOCPjBrlQAnz__NXj9h_w,Nightlife
1,039QG6ks4UYNkMA3mcII2A,Episage Wellness Center,University,"1601 E Flamingo Rd, Ste 20",Las Vegas,NV,89119,36.1136,-115.13,4.5,38,0,39,XOSRcvtaKc_Q5H1SAzN20A,Coffee & Tea
2,041JPDI1PBSuNSTcvtYomQ,Cabinets & Co,Westside,"6145 W Sahara Ave, Ste 5",Las Vegas,NV,89146,36.1429,-115.227,5.0,6,1,41,XOSRcvtaKc_Q5H1SAzN20A,Restaurants
3,042AqS-UB74g841zmoCEEA,Paradise Bay Pet Resort,Southeast,"6360 S Pecos Rd, Ste 14",Las Vegas,NV,89120,36.0728,-115.1,2.0,4,1,42,XOSRcvtaKc_Q5H1SAzN20A,Sandwiches
4,054_-sJ-nYq_DsuWYgqNdg,Jimmy Pettyjohn Jr. Park,Southwest,11322 Southern Highlands Pkwy,Las Vegas,NV,89141,35.9841,-115.192,4.0,5,1,54,fNMVV_ZX7CJSDWQGdOM8Nw,Restaurants
5,069TWjwxctY-3X_TitxJKQ,Starbuzz Vegas Hookah Lounge,Eastside,"384 E Tropicana Ave, Ste 120",Las Vegas,NV,89169,36.1029,-115.156,4.0,101,1,69,Gu-xs3NIQTj3Mj2xYoN2aw,Bakeries
6,070x611bvBrBqG3ODqe3dg,Bags Belts & Baubles,The Strip,3131 Las Vegas Blvd S,Las Vegas,NV,89109,36.1266,-115.165,4.5,3,1,70,Gu-xs3NIQTj3Mj2xYoN2aw,Restaurants
7,0953KSZ26LmJ7CDacVzpYg,dd's DISCOUNTS,Eastside,3430 E Tropicana Ave,Las Vegas,NV,89121,36.1009,-115.1,2.5,3,1,953,by_hdCLqAMHW8EEfPYjktA,French
8,096iGHoQ-UImxUExuyqlZA,House of Aloha,Northwest,4588 N Rancho Dr,Las Vegas,NV,89130,36.2433,-115.235,5.0,13,1,96,AtdXq_gu9NTE5rx4ct_dGg,Coffee & Tea
9,104riqnE_J2Rz7VV4K2NCQ,Rock Solid Home Repair,Spring Valley,,Las Vegas,NV,89148,36.0612,-115.29,3.5,3,1,104,gAy4LYpsScrj8POnCW6btQ,American (Traditional)
10,127i5uC5PTjWdvBMXEn9Ww,Bikini Bar,Chinatown,3355 Spring Mountain Rd,Las Vegas,NV,89103,36.126,-115.185,3.5,12,1,127,8y56fOiKhtCnqaiYB2S2Qg,Bars
11,148d7J-cFejkhYV89y3Jsg,Gondola Ride at the Venetian,The Strip,3355 S Las Vegas Blvd,Las Vegas,NV,89109,36.1215,-115.17,3.5,257,1,148,tRVx2c89coruPRwYhGTcTw,Japanese
12,15dYv2JncJypOSL9aKc0zg,HotPoint Realty,Chinatown,6292 W Spring Mountain Rd,Las Vegas,NV,89146,36.1255,-115.229,2.0,5,1,15,8DShNS-LuFqpEWIp0HxijA,Sporting Goods
13,15jmBXmNy9s6qVV8OepR1Q,Club Rio,Sunrise,821 N Lamb Blvd,Las Vegas,NV,89110,36.1782,-115.08,3.5,6,1,15,8DShNS-LuFqpEWIp0HxijA,Sporting Goods
14,15KIfPDU5IQ07l79Wn1Eew,Panadería y Pastelería Latina,Westside,6122 W Charleston Blvd,Las Vegas,NV,89146,36.1593,-115.225,4.0,14,1,15,8DShNS-LuFqpEWIp0HxijA,Sporting Goods
15,15pQOhykOF_aSedaxsjoKQ,Shepherd Eye Center,Anthem,2475 West Horizon Ridge Pkwy,Henderson,NV,89052,36.0054,-115.095,3.0,28,1,15,8DShNS-LuFqpEWIp0HxijA,Sporting Goods
16,15_YllaQ7n_DOFTq1v0-lQ,Sushi Hana,Spring Valley,5255 S Decatur Blvd,Las Vegas,NV,89118,36.0944,-115.208,3.5,8,0,15,8DShNS-LuFqpEWIp0HxijA,Sporting Goods
17,164DF7e2ndoyP-C3dMytqA,Maman Photography,Southeast,,Las Vegas,NV,89123,36.0357,-115.153,4.0,4,1,164,BnuzcebyB1AfxH0kjNWqSg,Seafood
18,17hVooOxch5apryhBkBdZQ,Marshalls,The Strip,3785 Las Vegas Blvd,Las Vegas,NV,89109,36.1037,-115.173,3.5,20,1,17,PfOCPjBrlQAnz__NXj9h_w,American (New)
19,17KjGxHTPCRwkPdEL95QPg,Reflecting Hands Massage Therapy,Westside,"5450 W Sahara Ave, Ste 138",Las Vegas,NV,89146,36.1449,-115.216,4.5,63,1,17,PfOCPjBrlQAnz__NXj9h_w,American (New)
20,17p-KOyT-t6OGS90J18jzQ,Glittering Lights,,7000 Las Vegas Blvd N,Las Vegas,NV,89115,36.2715,-115.001,3.5,85,1,17,PfOCPjBrlQAnz__NXj9h_w,American (New)
21,17UkAXwrC8aNOAZMrMq7Cw,VZ Dance Studios,Westside,"7207 W Sahara Ave, Ste 130",Las Vegas,NV,89117,36.1436,-115.25,4.0,6,1,17,PfOCPjBrlQAnz__NXj9h_w,American (New)
22,17V-PM_2t0QIAvU0euBovg,VooDoo Beach,,"Rio All-suite Hotel Casino, 3700 W Flamingo Rd, Rio All-suite Hotel Casino",Las Vegas,NV,89103,36.1164,-115.185,3.5,31,1,17,PfOCPjBrlQAnz__NXj9h_w,American (New)
23,17z_a9bdUEEdPUizUnNOvw,Paragon of Summerlin,Northwest,"7324 W Cheyenne Ave, Ste 7",Las Vegas,NV,89129,36.2189,-115.253,5.0,13,1,17,PfOCPjBrlQAnz__NXj9h_w,American (New)
24,18DHruGzDiG22s_bOhVX6A,Work in Progress,Downtown,317 S 6th St,Las Vegas,NV,89101,36.1656,-115.141,5.0,5,1,18,PfOCPjBrlQAnz__NXj9h_w,Nightlife
25,18Eu-4xqcsoTsZwcfLVIIw,Integrative Aesthetics,Southeast,"2055 E Windmill Ln, Ste 155",Las Vegas,NV,89123,36.0421,-115.123,5.0,3,1,18,PfOCPjBrlQAnz__NXj9h_w,Nightlife
26,18ol4DIHGnqMMKfDblBLHA,Entry Brite,Southwest,,Las Vegas,NV,89139,36.0402,-115.224,5.0,6,1,18,PfOCPjBrlQAnz__NXj9h_w,Nightlife
27,18sAHGZz-WCAFqmMNqscVw,Jack In the Box,,5 S Gibson Rd,Henderson,NV,89012,36.0309,-115.03,2.0,21,1,18,PfOCPjBrlQAnz__NXj9h_w,Nightlife
28,18TaVI6nC22bVKXkA7qIfQ,American Properties,Westside,"7472 W Sahara, Ste 103",Las Vegas,NV,89117,36.1439,-115.255,1.5,3,1,18,PfOCPjBrlQAnz__NXj9h_w,Nightlife
29,18x6UfcNMk4NMIdfqAMxpw,Nadia's Little Rascalz,Southwest,,Las Vegas,NV,89178,36.025,-115.243,5.0,3,1,18,PfOCPjBrlQAnz__NXj9h_w,Nightlife
30,18XkigL5OzBq8BsICKinQw,Henderson Fresh Bakery,Anthem,10604-C S Eastern Ave,Henderson,NV,89052,35.9994,-115.104,3.0,23,0,18,PfOCPjBrlQAnz__NXj9h_w,Nightlife
31,19KvRzLWA_1UI8cEf-qRGg,Big Lots - Las Vegas: Whitney,Eastside,4790 E Flamingo Rd,Las Vegas,NV,89121,36.1161,-115.07,2.0,7,1,19,PfOCPjBrlQAnz__NXj9h_w,Bars
32,19lr9xcN3Ud0w0UX7bl6Qw,Subway,Centennial,6770 N Durango Dr,Las Vegas,NV,89149,36.2838,-115.287,2.5,24,1,19,PfOCPjBrlQAnz__NXj9h_w,Bars
33,19MbjvDqkPG6dGxr3kvK9w,Foothills Lodge,Spring Valley,"9435 W Tropicana Ave, Ste 108",Las Vegas,NV,89147,36.0997,-115.3,2.5,11,0,19,PfOCPjBrlQAnz__NXj9h_w,Bars
34,19N9EJCJYLtUYvHFllO_8g,Cartier,The Strip,"3131 Las Vegas Blvd S, Ste 100",Las Vegas,NV,89109,36.1263,-115.166,4.5,16,1,19,PfOCPjBrlQAnz__NXj9h_w,Bars
35,19S0gFtg5GTX6CkiApJiAQ,Frijoles & Frescas Grilled Tacos,Westside,7000 W Charleston Blvd,Las Vegas,NV,89117,36.1594,-115.252,4.0,419,1,19,PfOCPjBrlQAnz__NXj9h_w,Bars
36,19TldDfVGCnJk0MO5DLOvg,Discotech Nightlife Concierge,,"4471 Dean Martin Dr, Ste 2401",Las Vegas,NV,89103,36.1085,-115.182,5.0,47,1,19,PfOCPjBrlQAnz__NXj9h_w,Bars
37,19u98NWikCviLTGK7_ARAQ,Advanced Spine & Posture,Eastside,"3061 S Maryland Pkwy, Ste 201",Las Vegas,NV,89109,36.1342,-115.137,4.0,4,1,19,PfOCPjBrlQAnz__NXj9h_w,Bars
38,19umlhmVB9O3njIBfRAe8g,Fiesta Rancho,,2400 N Rancho Dr,Las Vegas,NV,89130,36.2016,-115.195,2.5,89,1,19,PfOCPjBrlQAnz__NXj9h_w,Bars
39,19wIOjBlI_2EKGM8E4O6Mg,Quiznos,Centennial,"6441 N Durango Dr, Ste 140",Las Vegas,NV,89149,36.2778,-115.288,3.0,26,1,19,PfOCPjBrlQAnz__NXj9h_w,Bars
40,19xa1-nlNQXRZFBTQkGecg,Choice Dental,Southeast,"9850 S Maryland Pkwy, Ste 3",Las Vegas,NV,89183,36.0108,-115.134,3.5,12,1,19,PfOCPjBrlQAnz__NXj9h_w,Bars
41,19xjIA46tzyEJK0WaZ6SnQ,Las Vegas Ob/Gyn Associates,Summerlin,"653 N Town Cetner Dr, Ste 204",Las Vegas,NV,89144,36.1808,-115.315,3.0,5,0,19,PfOCPjBrlQAnz__NXj9h_w,Bars
42,19YocUr8tYqPGNr7_K5xzg,Vegas Brows,Southwest,,Las Vegas,NV,89141,35.9706,-115.307,5.0,3,1,19,PfOCPjBrlQAnz__NXj9h_w,Bars
43,1e2ZRUm9lpX3vrmraRx-yQ,Tacos Colima,,,Las Vegas,NV,89032,36.3799,-114.888,4.5,3,1,100,Dj0S-Oe4ytRJzMGUPgYUkw,Salad
44,20HcbNpgHrStrQbenkAg6Q,Woof Gang Bakery & Grooming,Centennial,"7080 N Durango Dr, Ste 140",Las Vegas,NV,89149,36.2903,-115.288,4.5,105,1,20,PfOCPjBrlQAnz__NXj9h_w,Sandwiches
45,20htfKeteS2n4KYyVAZF4w,Dunkin Donuts,Centennial,7155 Grand Montecito Pkwy,Las Vegas,NV,89149,36.2915,-115.285,2.5,6,0,20,PfOCPjBrlQAnz__NXj9h_w,Sandwiches
46,20IvIBnolDvWXJGdbIA1jw,Century 21 JR Realty,,101 E Horizon Dr,Henderson,NV,89015,36.0123,-114.987,2.0,7,1,20,PfOCPjBrlQAnz__NXj9h_w,Sandwiches
47,20n09j__6xb7JX0xe9Oo9A,WinCo Foods,,80 N Stephanie St,Henderson,NV,89074,36.0337,-115.044,4.0,181,1,20,PfOCPjBrlQAnz__NXj9h_w,Sandwiches
48,20Nb5u9BOp44cvZT2XUWbA,Kats Like US Tattoos,,4375 Las Vegas Blvd N,Las Vegas,NV,89115,36.24,-115.057,5.0,6,0,20,PfOCPjBrlQAnz__NXj9h_w,Sandwiches
49,20P1JukOLfR023mnrDeXlw,Carl's Jr,,7598 Vegas Dr,Las Vegas,NV,89044,36.1891,-115.26,3.0,23,1,20,PfOCPjBrlQAnz__NXj9h_w,Sandwiches
50,20qeOmBz6Ar_0FurbwSrGA,Marie's Permanent Makeup,,"9440 W Sahara Ave, Ste 125",Las Vegas,NV,89117,36.1193,-115.226,4.5,14,1,20,PfOCPjBrlQAnz__NXj9h_w,Sandwiches
51,21j71R7HELUZODhMLohg2Q,Junes Legal Services,Downtown,"630 S 10th S, Ste B",Las Vegas,NV,89101,36.16,-115.14,4.5,9,1,21,PfOCPjBrlQAnz__NXj9h_w,American (Traditional)
52,21JgNwvuuDKI02cegRFV3Q,Vegas Carpet Cleaning Pros,,3191 La Barca Ln,Las Vegas,NV,89122,36.1316,-115.056,5.0,4,1,21,PfOCPjBrlQAnz__NXj9h_w,American (Traditional)
53,21OKzzW5jPsdhAa9tt19Cw,RentVest,Westside,"400 S Rampart Blvd, Ste 270",Las Vegas,NV,89145,36.1673,-115.287,4.0,10,1,21,PfOCPjBrlQAnz__NXj9h_w,American (Traditional)
54,21sGRVR7HEs_t6PdB9tGMw,Angelina's Pizzeria,,5750 S Decatur Blvd,Las Vegas,NV,89118,36.0853,-115.207,2.5,177,1,21,PfOCPjBrlQAnz__NXj9h_w,American (Traditional)
55,21sUIvjh2Yu9q3DqNAXOKg,My Vegas Bachelorette Party,Downtown,,Las Vegas,NV,,36.1699,-115.14,2.5,3,1,21,PfOCPjBrlQAnz__NXj9h_w,American (Traditional)
56,22DUskI_ynXGjMT8prY37g,Silver Springs Recreational Center,,1951 Silver Springs Pkwy,Henderson,NV,89074,36.0461,-115.076,3.5,9,1,22,PfOCPjBrlQAnz__NXj9h_w,Burgers
57,22y9Fo-9Se7pLiV-KoRwlw,Shutters Cheap,,,Las Vegas,NV,,36.175,-115.136,2.5,6,1,22,PfOCPjBrlQAnz__NXj9h_w,Burgers
58,23ccd6rfb3pNOqEGxXFRFQ,Belia Skin & Beauty Spa,Spring Valley,"5165 S Fort Apache Rd, Ste 180",Las Vegas,NV,89148,36.0957,-115.298,5.0,22,1,23,PfOCPjBrlQAnz__NXj9h_w,Restaurants
59,23FNx7OmXZMv7ZgmzIr8kg,Meadows Medical Group,Westside,4500 Meadows Ln,Las Vegas,NV,89107,36.1705,-115.201,4.0,22,1,23,PfOCPjBrlQAnz__NXj9h_w,Restaurants
60,23gvCOhQcO5ahQ_Ou-OmgA,US Post Office,,2449 N Tenaya Way,Las Vegas,NV,89128,36.2059,-115.252,1.5,96,1,23,PfOCPjBrlQAnz__NXj9h_w,Restaurants
61,23JboJ79qZ6cesngiPt4aw,Vegas Girl Wigs,Westside,1717 S Decatur Blvd,Las Vegas,NV,89102,36.1508,-115.206,3.0,6,1,23,PfOCPjBrlQAnz__NXj9h_w,Restaurants
62,23LtMX5JFjTe5AUMGJXuvw,Wagon Trail RV,,4488 Wagon Trail Ave,Las Vegas,NV,89118,36.0726,-115.2,4.5,9,1,23,PfOCPjBrlQAnz__NXj9h_w,Restaurants
63,23OiTugDZFlzEbUtLbv_-w,Cvs Pharmacy,Eastside,4595 E Flamingo Rd,Las Vegas,NV,89121,36.1143,-115.074,3.5,5,1,23,PfOCPjBrlQAnz__NXj9h_w,Restaurants
64,23SLUQeoWaW7VLS6gTYn5w,Kinder Prep Academy,Centennial,5695 N Rainbow Blvd,Las Vegas,NV,89130,36.2651,-115.243,3.0,6,1,23,PfOCPjBrlQAnz__NXj9h_w,Restaurants
65,24AA0NJBNS2jMlz6klJ9AA,"Richard W. Featherstone, DDS",Anthem,880 Seven Hills Dr,Henderson,NV,89052,35.9956,-115.122,5.0,43,1,24,o9eMRCWt5PkpLDE0gOPtcQ,Italian
66,24f5ie972m_bYpirVW-dZA,Round Table Pizza,Westside,9350 W Sahara Ave,Las Vegas,NV,89117,36.1473,-115.3,3.5,10,0,24,o9eMRCWt5PkpLDE0gOPtcQ,Italian
67,24ie-7u1ICsX-m1Y_PMy4g,Smoke Shop N Cigars,,4985 W Tropicana Ave,Las Vegas,NV,89103,36.0993,-115.209,3.5,7,1,24,o9eMRCWt5PkpLDE0gOPtcQ,Italian
68,24JO-gAI-uby24NU9E42vQ,Arabesque Dance & Fitness Studio,Southwest,"8060 Blue Diamond Rd, Ste 110",Las Vegas,NV,89178,36.0214,-115.267,5.0,18,1,24,o9eMRCWt5PkpLDE0gOPtcQ,Italian
69,24ll_LndIhgejQKfz5phyw,"Big Apple Bar at New York, New York",The Strip,3790 Las Vegas Blvd S,Las Vegas,NV,89109,36.1022,-115.175,3.5,11,1,24,o9eMRCWt5PkpLDE0gOPtcQ,Italian
70,24lNFx6Xo_eX2vTXyW-bMQ,SuperPawn,,5910 W Lake Mead Blvd,Las Vegas,NV,89108,36.196,-115.222,2.0,4,1,24,o9eMRCWt5PkpLDE0gOPtcQ,Italian
71,24LUF7A2QSuH_j9PwiWR_Q,DownEast,Centennial,5780 Centennial Center Blvd,Las Vegas,NV,89149,36.2663,-115.26,5.0,6,1,24,o9eMRCWt5PkpLDE0gOPtcQ,Italian
72,24nxRlLvMagVeyO24xKo2Q,Motorcycle Tire Center,Downtown,2116 E Charleston Blvd,Las Vegas,NV,89104,36.1585,-115.118,4.5,27,1,24,o9eMRCWt5PkpLDE0gOPtcQ,Italian
73,24S-aiManGfjbb-fwwi2VQ,La Quinta Inn & Suites Las Vegas Summerlin Tech,,7101 Cascade Valley Ct,Las Vegas,NV,89128,36.2113,-115.247,3.5,46,1,24,o9eMRCWt5PkpLDE0gOPtcQ,Italian
74,24wnyPyir6-Bmv6zq7OXHg,Viva El Salvador Restaurant & Pupuseria,Westside,"1745 S Rainbow Blvd, Ste C",Las Vegas,NV,89146,36.152,-115.244,3.0,20,0,24,o9eMRCWt5PkpLDE0gOPtcQ,Italian
75,24xxPan0fvkN6wOWIwmS_g,Jen Sias-Lyke - State Farm Insurance Agent,Spring Valley,"9701 W Flamingo Rd, Ste 3",Las Vegas,NV,89147,36.1145,-115.304,4.5,13,1,24,o9eMRCWt5PkpLDE0gOPtcQ,Italian
76,24YiWP5NBDMQuEFFRkpnQw,Neda Klimas - Life Coach,Summerlin,,Las Vegas,NV,89128,36.1989,-115.266,5.0,3,1,24,o9eMRCWt5PkpLDE0gOPtcQ,Italian
77,25a7YmDAuTk1eZ0zWE3ETg,Pearly Whites Family Dentistry,Eastside,"3650 S Eastern Ave, Ste 220",Las Vegas,NV,89169,36.1237,-115.118,4.5,107,1,25,o9eMRCWt5PkpLDE0gOPtcQ,Restaurants
78,25ayGzISIb6tCcygUXvVOw,A Problem Solved Maintenance,Spring Valley,,Las Vegas,NV,89147,36.1148,-115.278,4.5,24,0,25,o9eMRCWt5PkpLDE0gOPtcQ,Restaurants
79,25d_xgpH_qkad1x8j4ID7g,Frames by Farr,,2014 Western Ave,Las Vegas,NV,89102,36.1483,-115.165,5.0,5,1,25,o9eMRCWt5PkpLDE0gOPtcQ,Restaurants
80,25PEf9-e8_7phdV7JjOHhA,Baja Fresh Mexican Grill,University,1380 E Flamingo Rd,Las Vegas,NV,89119,36.1149,-115.134,3.5,38,0,25,o9eMRCWt5PkpLDE0gOPtcQ,Restaurants
81,25Qa4NoliJ75F_6u3nqZhw,24 Hour Fitness - Green Valley,,2893 North Green Valley Pkwy,Henderson,NV,89014,36.0741,-115.084,3.5,58,1,25,o9eMRCWt5PkpLDE0gOPtcQ,Restaurants
82,25r5Sbw8jDFOnUvjxOVzBg,Kmart,Southeast,440 NW Burnside Road Gresham,Las Vegas,NV,89119,36.0714,-115.154,1.5,4,1,25,o9eMRCWt5PkpLDE0gOPtcQ,Restaurants
83,25uxgxlqp7sW5F15wguyIA,Jack In the Box,Eastside,2550 S Maryland Pkwy,Las Vegas,NV,89109,36.1428,-115.136,2.5,6,1,25,o9eMRCWt5PkpLDE0gOPtcQ,Restaurants
84,25wTaO0_Rk-GLb4k2uMs0Q,AquaKnox,The Strip,3355 S Las Vegas Blvd,Las Vegas,NV,89109,36.123,-115.169,4.0,444,1,25,o9eMRCWt5PkpLDE0gOPtcQ,Restaurants
85,296PZdxSrtH08EUwCsOKMw,Michael's Gourmet Room,Southeast,"South Point Hotel & Casino, 9777 S Las Vegas Blvd",Las Vegas,NV,89183,36.0115,-115.174,4.5,141,1,296,NoxzrJbWS4xD9ft0ygD3JA,Nightlife
86,31A6SfV61Kz28Pp4lflZdQ,Nevada Auto Sales,Westside,2025 S Deccature Blvd,Las Vegas,NV,89102,36.1496,-115.209,1.0,4,0,31,OD2hnuuTJI9uotcKycxg1A,Sporting Goods
87,31BSLQveLV7eeIoWNxhTaw,Lj Bar & Grill,Downtown,1243 E Sahara Ave,Las Vegas,NV,89104,36.1445,-115.135,4.0,4,0,31,OD2hnuuTJI9uotcKycxg1A,Sporting Goods
88,31cOttU_tML5b6eLLXZfsQ,Go!ku,Chinatown,"4300 W Spring Mountain Rd, Ste 108",Las Vegas,NV,89102,36.1269,-115.198,4.0,346,0,31,OD2hnuuTJI9uotcKycxg1A,Sporting Goods
89,31dzkpLmgQImS4RzL_NOmA,Sugar Rush Bakery,,,Las Vegas,NV,,36.175,-115.136,5.0,4,0,31,OD2hnuuTJI9uotcKycxg1A,Sporting Goods
90,31kAtvJIvhXTmttehPbbBw,"C & K Designs, LLC",Southwest,9466 Marshall Creek St,Las Vegas,NV,89178,36.0162,-115.285,4.5,7,1,31,OD2hnuuTJI9uotcKycxg1A,Sporting Goods
91,31kN0J6RtrIpbh3S-Q2G_Q,Pinecrest Academy Nevada,,1360 S Boulder Hwy,Henderson,NV,89002,36.0172,-114.955,5.0,7,1,31,OD2hnuuTJI9uotcKycxg1A,Sporting Goods
92,31mm5EtlmT4557BTYAFOrA,China Gourmet,Chinatown,"5150 Spring Mountain Rd, Ste 15",Las Vegas,NV,89146,36.1264,-115.212,4.0,8,1,31,OD2hnuuTJI9uotcKycxg1A,Sporting Goods
93,31VgiS9vNXANDagYLnXyfA,Battery Systems Of Las Vegas,,4500 S Arville St,Las Vegas,NV,89103,36.1082,-115.199,5.0,3,1,31,OD2hnuuTJI9uotcKycxg1A,Sporting Goods
94,32Ao0DMxaCNuYunjaRAA8A,Radiant Solar Solutions,,400 Mark Leavy,Henderson,NV,89011,36.0584,-115.005,5.0,5,1,32,EsMcGiZaQuG1OOvL9iUFug,Coffee & Tea
95,32boiU6fIl9ARtdEjaPhbQ,Shorewood Heights - Pinnacle,,981 Whitney Ranch Dr,Henderson,NV,89014,36.0773,-115.054,2.0,21,0,32,EsMcGiZaQuG1OOvL9iUFug,Coffee & Tea
96,32JP_C4-Fc-cYWyft8eZBw,AA Hookah and Vapor Store,Northwest,4343 N Rancho Dr,Las Vegas,NV,89130,36.2387,-115.233,3.5,22,1,32,EsMcGiZaQuG1OOvL9iUFug,Coffee & Tea
97,32JWhoH-Kiu1wRFTvHvW9Q,Pie Me Over,Spring Valley,"6070 S Rainbow Blvd, Ste 7",Las Vegas,NV,89118,36.0787,-115.242,5.0,105,1,32,EsMcGiZaQuG1OOvL9iUFug,Coffee & Tea
98,32rkWN6thY0-UlYIiQNebA,SuperPawn,Westside,3270 S Valley View Blvd,Las Vegas,NV,89102,36.1306,-115.189,2.0,9,1,32,EsMcGiZaQuG1OOvL9iUFug,Coffee & Tea
99,32u4chtkG4fIa52396iOhw,Papa John's Pizza,Sunrise,"241 N Nellis Blvd, Ste 102",Las Vegas,NV,89110,36.1659,-115.063,2.0,29,1,32,EsMcGiZaQuG1OOvL9iUFug,Coffee & Tea
100,338D7EQfInzHV8Ve1b0-eQ,Smooth Move,,,Henderson,NV,89014,36.0633,-115.053,4.5,53,0,338,YvxQOMstU2MVDr2uNHs_vw,Food
101,33ctgpnOCqbxTAfIJNAWqA,Pacific West Flooring,Chinatown,"3870 Spring Mountain Rd, Ste A",Las Vegas,NV,89102,36.1269,-115.191,4.5,31,1,33,EsMcGiZaQuG1OOvL9iUFug,Ice Cream & Frozen Yogurt
102,33HLfCp1k8_AhQMAxrWmHg,Randall Chiropractic & Rehabilitation,Downtown,"2202 W Charleston Blvd, Ste 7",Las Vegas,NV,89102,36.154,-115.115,4.0,5,1,33,EsMcGiZaQuG1OOvL9iUFug,Ice Cream & Frozen Yogurt
103,33p7gzqwDOZBkbV7rQwwvA,BVLGARI,The Strip,"3720 Las Vegas Blvd S, Ste 143",Las Vegas,NV,89158,36.1079,-115.174,5.0,3,1,33,EsMcGiZaQuG1OOvL9iUFug,Ice Cream & Frozen Yogurt
104,33p8NIk4UQuixC1pjoAcJQ,Wisps and Wonders,South Summerlin,"10965 Lavender Hill Dr, Ste 100",Las Vegas,NV,89135,36.1461,-115.334,5.0,3,1,33,EsMcGiZaQuG1OOvL9iUFug,Ice Cream & Frozen Yogurt
105,33PllEKHR4D0rVBWCUpSig,Great Clips,Southeast,1850 E Serene Ave,Las Vegas,NV,89123,36.0213,-115.127,3.0,22,1,33,EsMcGiZaQuG1OOvL9iUFug,Ice Cream & Frozen Yogurt
106,33Ryoh0OVhopQ4zv_ITppw,7-Eleven,The Strip,2202 Paradise Rd,Las Vegas,NV,89104,36.1449,-115.155,3.0,3,1,33,EsMcGiZaQuG1OOvL9iUFug,Ice Cream & Frozen Yogurt
107,33Tr0eRki1Yamzleu4GMdw,Rosallie,Spring Valley,6090 S Rainbow Blvd,Las Vegas,NV,89118,36.0781,-115.242,4.5,260,1,33,EsMcGiZaQuG1OOvL9iUFug,Ice Cream & Frozen Yogurt
108,33YHwHgIGDSg2wot59a_-Q,Starbucks,The Strip,3720 S Las Vegas Blvd,Las Vegas,NV,89109,36.108,-115.175,3.0,24,1,33,EsMcGiZaQuG1OOvL9iUFug,Ice Cream & Frozen Yogurt
109,34ahl6ihvjL_9lUd5E05DQ,Arco Am Pm,,2000 E W Cheyenne Ave,North Las Vegas,NV,89032,36.2181,-115.162,1.0,4,1,34,EsMcGiZaQuG1OOvL9iUFug,Food
110,34kCRaTxtLA6iyQVTYOBTA,Safeco Insurance,South Summerlin,10175 Spring Mountain Rd,Las Vegas,NV,89117,36.1259,-115.314,1.0,6,1,34,EsMcGiZaQuG1OOvL9iUFug,Food
111,34PMhyoSQHVd4Lr7slzUcA,Ori'Zaba's Scratch Mexican Grill,Spring Valley,7210 S Durango Dr,Las Vegas,NV,89113,36.0565,-115.278,3.0,76,0,34,EsMcGiZaQuG1OOvL9iUFug,Food
112,34Qk0XaHbn3CMrf1kSaqmg,Sin City Performance,,"520 W Sunset Rd, Ste 5",Henderson,NV,89011,36.0646,-115.019,3.0,13,1,34,EsMcGiZaQuG1OOvL9iUFug,Food
113,34trWvQXMHZUFQBhNok71Q,Batteries Plus Bulbs,Sunrise,"111 N Nellis Blvd, Ste 130",Las Vegas,NV,89110,36.162,-115.063,3.0,5,1,34,EsMcGiZaQuG1OOvL9iUFug,Food
114,34uD-rRp1unfTZEUCD59mQ,Big O Tires,,2061 Rock Springs Dr,Las Vegas,NV,89128,36.197,-115.247,3.5,82,1,34,EsMcGiZaQuG1OOvL9iUFug,Food
115,34yUgWJDgr_M8Hp7d26sEw,Bubbles and Bows,Spring Valley,"5135 S Fort Apache Rd, Ste 105",Las Vegas,NV,89148,36.095,-115.298,3.5,7,1,34,EsMcGiZaQuG1OOvL9iUFug,Food
116,34YwmimX2PXqFlm0p18jyA,J & A Flowers And Gifts,Southeast,6400 S Eastern Ave,Las Vegas,NV,89119,36.0731,-115.117,3.5,10,1,34,EsMcGiZaQuG1OOvL9iUFug,Food
117,373HGZUJm47MupH8QBx8Zg,West Coast Tattoo Parlor,Southeast,"9151 S Las Vegas Blvd, Ste 320",Las Vegas,NV,89123,36.0234,-115.175,5.0,89,1,373,1nhf9BPXOBFBkbRkpsFaxA,Coffee & Tea
118,37CcgmovAhRkdOAvnp_tCw,Charm Transportation,Westside,,Las Vegas,NV,89117,36.1453,-115.278,5.0,3,1,37,XOSRcvtaKc_Q5H1SAzN20A,Breakfast & Brunch
119,37f9w8jmMwa_QQ9GDjs7hg,Herbology Tours,Westside,2550 S Rainbow Blvd,Las Vegas,NV,89146,36.1432,-115.242,5.0,4,1,37,XOSRcvtaKc_Q5H1SAzN20A,Breakfast & Brunch
120,37OMdNLgqREYTtHTzUb23Q,"Nader Abdelsayed MD, PC",,"1815 E Lake Mead Blvd, Ste 215",North Las Vegas,NV,89030,36.1954,-115.122,3.5,9,1,37,XOSRcvtaKc_Q5H1SAzN20A,Breakfast & Brunch
121,37X8DUSO4pTcIi1-8yWz8g,Master Tech Automotive & Cycle Repair,,"1300 N Boulder Hwy, Ste B",Henderson,NV,89011,36.0567,-115.0,4.5,13,1,37,XOSRcvtaKc_Q5H1SAzN20A,Breakfast & Brunch
122,37Yr0CSGSuVdBnYfLLjkTQ,Dollar Tree Stores,Chinatown,"3665 S Rainbow Blvd, Ste 101",Las Vegas,NV,89103,36.1234,-115.243,2.5,21,1,37,XOSRcvtaKc_Q5H1SAzN20A,Breakfast & Brunch
123,38-sjGYYVcQEKrZe5Nu47A,Johnny Mac's,,842 S Boulder Hwy,Henderson,NV,89015,36.0267,-114.965,4.0,327,1,38,XOSRcvtaKc_Q5H1SAzN20A,Gluten-Free
124,385PMU1ucAtusQVaoqQjTQ,star 5 plumbing,Spring Valley,9780 Galahad Pt Ct,Las Vegas,NV,89147,36.1222,-115.306,5.0,6,1,385,QkG3KUXwqZBW18A9k1xqCA,Restaurants
125,387XEwERYeyodpV5DWR4hA,Denny's,,3230 Losee Rd,North Las Vegas,NV,89030,36.2183,-115.126,3.0,38,1,387,d2HSFutxpaYsCPglJPRe1Q,Food
126,38fDU-Bh7eD2oETpF24pAA,Made In Italy Pizzeria Romana,Spring Valley,"5447 S Rainbow Blvd, Ste E6",Las Vegas,NV,89118,36.0896,-115.243,4.5,10,0,38,XOSRcvtaKc_Q5H1SAzN20A,Gluten-Free
127,38LezjERmeB48zRSqvMoFQ,Martin's Mart Thrift Store,Downtown,1219 S Main St,Las Vegas,NV,89104,36.1568,-115.154,4.0,4,1,38,XOSRcvtaKc_Q5H1SAzN20A,Gluten-Free
128,38O-fpmF0qFwYBgymUVrow,John R Hummel Elementary,Southeast,9800 Placid St,Las Vegas,NV,89183,36.011,-115.158,3.0,3,1,38,XOSRcvtaKc_Q5H1SAzN20A,Gluten-Free
129,38rXDufRtJeGSMP6ducaCw,Cold Stone Creamery,,"1311 W Sunset Rd, Ste 110",Henderson,NV,89014,36.0632,-115.044,3.5,42,1,38,XOSRcvtaKc_Q5H1SAzN20A,Gluten-Free
130,38YPE4KCvgChy9y6FcksEQ,Pizza Hut,Southeast,"445 E. Windmill Lane, #2B",Las Vegas,NV,89123,36.0415,-115.153,2.0,39,1,38,XOSRcvtaKc_Q5H1SAzN20A,Gluten-Free
131,39B-YbGUOqGI1uPSs1ldJg,Las Vegas Pain Institute & Medical Center,Centennial,"7175 N Durango Dr, Ste 170",Las Vegas,NV,89149,36.2913,-115.288,1.0,7,1,39,XOSRcvtaKc_Q5H1SAzN20A,Coffee & Tea
132,39BNnMLzx0UUwkWKxGeQKA,La Cosina Mexican Restaurant,Southeast,"7320 Las Vegas Blvd S, Ste 110",Las Vegas,NV,89123,36.0565,-115.172,4.0,27,0,39,XOSRcvtaKc_Q5H1SAzN20A,Coffee & Tea
133,39DIYiFFGoAwO-pSBDZjDQ,Liberty Tax Service,Spring Valley,8425 W Flamingo Rd,Las Vegas,NV,89147,36.1144,-115.275,1.0,3,1,39,XOSRcvtaKc_Q5H1SAzN20A,Coffee & Tea
134,39rjgt5MpEACNzyFnUmyaQ,Bella Panini,The Strip,"The Venetian Resort Hotel Casino, 3377 Las Vegas Blvd. South",Las Vegas,NV,89109,36.1216,-115.17,4.0,26,0,39,XOSRcvtaKc_Q5H1SAzN20A,Coffee & Tea
135,3e3hTcBXykLzSJ6E10-tYg,Allyson Juneau-Butler - Great Expectations Midwifery Care,,"1481 W Warm Springs Rd, Ste 136",Henderson,NV,89014,36.0553,-115.05,5.0,10,1,3000,7fSE99-qeIVXpkbNkheeHg,Fast Food
136,3E5mcxfeBIZEW8SzaTB3vA,Ritual Salon & Spa,Southeast,"9480 Eastern Ave, Ste 125",Las Vegas,NV,89123,36.0176,-115.118,3.5,67,0,300000,sfYHVPv4ZBJdu4hImx2wjg,Farmers Market
137,40DLk15AMydc2Dn12ABr5A,The UPS Store,,"5516 Boulder Hwy, Ste 2F",Las Vegas,NV,89122,36.1004,-115.051,2.5,3,1,40,XOSRcvtaKc_Q5H1SAzN20A,Food
138,40IpJI-uMpe8xw_f_OAYGg,"Scrapbooks ""R"" Us",Eastside,"2290 E Flamingo Rd, Ste D",Las Vegas,NV,89104,36.1151,-115.121,3.5,16,1,40,XOSRcvtaKc_Q5H1SAzN20A,Food
139,40NEiroBBuYd5rnoOWLU1w,Vision Home Mortgage,,"223 N Pecos Rd, Unit  120",Henderson,NV,89074,36.044,-115.101,5.0,6,1,40,XOSRcvtaKc_Q5H1SAzN20A,Food
140,40NN63v0MGD8jYXtIfplaQ,Dawn Lozano,Downtown,"520 S Fourth St, Ste 350",Las Vegas,NV,89101,36.1645,-115.146,5.0,3,1,40,XOSRcvtaKc_Q5H1SAzN20A,Food
141,40okdYrE7Crs94ezDK297Q,K2 Analytics,,"4880 W University Ave, Ste B3",Las Vegas,NV,89103,36.1107,-115.207,5.0,6,1,40,XOSRcvtaKc_Q5H1SAzN20A,Food
142,40tDe2wx20xL7ulMX588TA,Lamplighter Motel,Downtown,2805 Fremont St,Las Vegas,NV,89104,36.1554,-115.112,1.0,3,0,40,XOSRcvtaKc_Q5H1SAzN20A,Food
143,413dl3JDEHia9W9vdnC7Dg,Larym Design,South Summerlin,"1980 Festival Plaza Dr, Ste 300",Las Vegas,NV,89135,36.15,-115.332,5.0,5,1,413,oB5KH-jYU93w-QnHas6EMA,Arts & Entertainment
144,41A0vuR9wdWzZNDKbsXvIA,Circle K,Southwest,8545 Blue Diamond Rd,Las Vegas,NV,89178,36.0202,-115.278,2.5,10,1,41,XOSRcvtaKc_Q5H1SAzN20A,Restaurants
145,41b2SLmjLcxTGLVRxASiDA,Country Club,,3131 Las Vegas Blvd S,Las Vegas,NV,89109,36.1264,-115.164,4.0,270,0,41,XOSRcvtaKc_Q5H1SAzN20A,Restaurants
146,41fjBqWlXXDKchJOstm4OA,Farmers Insurance - Jay Fisher,Westside,"1161 S Buffalo Dr, Ste 103",Las Vegas,NV,89117,36.1578,-115.263,5.0,3,1,41,XOSRcvtaKc_Q5H1SAzN20A,Restaurants
147,41i_QFx-UgfEWFwugiFJAA,Sin City Kiss in Compendium,Westside,"3111 S Valley View Blvd, Ste X-106",Las Vegas,NV,89102,36.1309,-115.191,5.0,4,1,41,XOSRcvtaKc_Q5H1SAzN20A,Restaurants
148,41Kbugm-qmIQTt7unkALYQ,Top of Binion's Steakhouse,Downtown,128 Fremont St,Las Vegas,NV,89101,36.1712,-115.144,4.0,284,1,41,XOSRcvtaKc_Q5H1SAzN20A,Restaurants
149,41n0hPBRTHmZLKXAhGx9vA,Escape Lounge,Westside,4213 W Sahara Ave,Las Vegas,NV,89102,36.1441,-115.198,3.0,6,0,41,XOSRcvtaKc_Q5H1SAzN20A,Restaurants
150,41qxBQnPkMZ2ODeACQ1BBg,Desert Pines Golf Club,,3415 E Bonanza Rd,Las Vegas,NV,89101,36.1705,-115.102,3.5,83,1,41,XOSRcvtaKc_Q5H1SAzN20A,Restaurants
151,41V7LDznwKB0xJmB6RKaWg,Flamingo Hand Car Wash,,6047 W Flamingo Rd,Las Vegas,NV,89103,36.1142,-115.224,4.0,87,1,41,XOSRcvtaKc_Q5H1SAzN20A,Restaurants
152,41WfL6MGTAXYgRQfNT3dyA,El Pollo Loco,Southeast,7205 S Eastern Ave,Las Vegas,NV,89119,36.059,-115.119,3.0,33,1,41,XOSRcvtaKc_Q5H1SAzN20A,Restaurants
153,41Yy6LaHrmY7WnQSaBL8Yw,Puppy Heaven,Chinatown,"4525 W Spring Mountain Rd, Ste 109",Las Vegas,NV,89102,36.1255,-115.202,4.5,50,1,41,XOSRcvtaKc_Q5H1SAzN20A,Restaurants
154,427V0CEsaZVoPqLSxvexJA,Nirvana Pool,Eastside,"Hard Rock Hotel & Casino, 4455 Paradise Rd",Las Vegas,NV,89169,36.1102,-115.155,4.0,13,1,427,T5CdfrZWw-uW9Y5L_sddqQ,Pizza
155,42gIwNA0m4H_0qGQ_9CYkg,Sin City Wax,Westside,"3310 S Jones Blvd, Ste J",Las Vegas,NV,89146,36.1286,-115.224,4.5,12,1,42,XOSRcvtaKc_Q5H1SAzN20A,Sandwiches
156,42GVtf353kOZjoQoqlg9ow,Desert Institute of Spine Care,Spring Valley,9339 W Sunset Rd,Las Vegas,NV,89148,36.0697,-115.296,2.5,15,1,42,XOSRcvtaKc_Q5H1SAzN20A,Sandwiches
157,42jge5SiDoQV8WwGpxaPVw,Beauty Therapy,Westside,"7341 W Charleston Ave, Ste 150",Las Vegas,NV,89138,36.1579,-115.252,5.0,10,1,42,XOSRcvtaKc_Q5H1SAzN20A,Sandwiches
158,42PrKh92uDVJY88Ci44JCQ,Ed Hardy,Downtown,755 S Grand Central Pkwy,Las Vegas,NV,89106,36.1643,-115.157,4.0,4,0,42,XOSRcvtaKc_Q5H1SAzN20A,Sandwiches
159,42qrdKMIYtHGeAiFbXHrhg,Paw Minders Plus Pet Sitters,,1645 Lone Palm Ct,Henderson,NV,89002,35.9938,-114.923,5.0,12,1,42,XOSRcvtaKc_Q5H1SAzN20A,Sandwiches
160,42romV8altAeuZuP2OC1gw,Ohana Hawaiian BBQ,,"1500 N Green Valley Pkwy, Ste 230",Henderson,NV,89074,36.0296,-115.086,4.0,38,0,42,XOSRcvtaKc_Q5H1SAzN20A,Sandwiches
161,42TfdCOVUv03szlNa6f9pg,New Life Office,Southwest,"7850 S Dean Martin Dr, Ste 505",Las Vegas,NV,89139,36.047,-115.183,5.0,4,1,42,XOSRcvtaKc_Q5H1SAzN20A,Sandwiches
162,42U4Vlzr7nmQa1Bk8J4flw,Perfect Hair and Makeup,Southeast,"2050 E Serene Ave, Ste 601",Las Vegas,NV,89123,36.0209,-115.125,5.0,50,1,42,XOSRcvtaKc_Q5H1SAzN20A,Sandwiches
163,42WkEwAf8zoKDC9xFlIE8w,Chris Dowlen - Keller Williams Realty,,"2230 Corporate Cir, Ste 250",Henderson,NV,89074,36.0282,-115.088,5.0,5,1,42,XOSRcvtaKc_Q5H1SAzN20A,Sandwiches
164,42yLya7lhe7TQGz3KEdKAw,#1 Hawaiian Barbecue,Southeast,"5905 S Eastern Ave, Ste 105",Las Vegas,NV,89119,36.082,-115.12,3.5,32,1,42,XOSRcvtaKc_Q5H1SAzN20A,Sandwiches
165,42yxdOdEMO8hE9jFK89laQ,Quest Diagnostics,Spring Valley,"5380 S Rainbow Blvd, Ste 208",Las Vegas,NV,89118,36.0911,-115.241,3.5,9,0,42,XOSRcvtaKc_Q5H1SAzN20A,Sandwiches
166,438uK9rgSQqmX6vRrna8RA,Eric Roy Law Firm,Downtown,703 S 8th St,Las Vegas,NV,89101,36.1604,-115.142,4.5,20,1,438,5XejqzaFmtkZMstJS5Iy-w,Sandwiches
167,45AMTDloGhFf2Xld0oZaxQ,Thai Day Spa,Westside,"7871 West Charleston Blvd, Ste 150",Las Vegas,NV,89117,36.1586,-115.263,5.0,11,1,45,xcgFnd-MwkZeO5G2HQ0gAQ,Bakeries
168,45arahaS6jTtYBw_STLDXg,Wells Fargo Bank,Summerlin,9410 W Lake Mead Blvd,Las Vegas,NV,89134,36.2068,-115.301,2.0,5,1,45,xcgFnd-MwkZeO5G2HQ0gAQ,Bakeries
169,45Dtczrm17CexADespUkgw,WellHealth Women's Specialty Care,,6990 Smoke Ranch,Las Vegas,NV,89108,36.2047,-115.246,2.5,22,1,45,xcgFnd-MwkZeO5G2HQ0gAQ,Bakeries
170,45IHzSJj49HJn32G3j6H_A,Wienerschnitzel,Westside,4001 W Sahara Ave,Las Vegas,NV,89102,36.1441,-115.194,1.0,3,0,45,xcgFnd-MwkZeO5G2HQ0gAQ,Bakeries
171,45kcUiZ0NSYICjnsA5ojyg,Horizon Women's Health,Anthem,"3005 W Horizon Ridge Pkwy, Ste 100",Henderson,NV,89052,35.9982,-115.12,2.5,11,1,45,xcgFnd-MwkZeO5G2HQ0gAQ,Bakeries
172,45m_xaD3A1saWNjVDahECQ,Narita Sushi Bar,Northwest,"3250 N Tenaya Way, Ste 99",Las Vegas,NV,89129,36.2199,-115.25,3.5,29,0,45,xcgFnd-MwkZeO5G2HQ0gAQ,Bakeries
173,45qJhT5XDSDPnyGprCq0Bg,Vegas Cheer Authority,,3051 Coleman St,North Las Vegas,NV,89032,36.2151,-115.175,4.0,5,1,45,xcgFnd-MwkZeO5G2HQ0gAQ,Bakeries
174,45Rl4Lmi1ijnxag0Ua0-Mw,Great Steak,Southeast,McCarran International Airport - Zone 7 at B Gates,Las Vegas,NV,89119,36.0829,-115.153,1.5,18,1,45,xcgFnd-MwkZeO5G2HQ0gAQ,Bakeries
175,45vlT8RV619qS0mKuLYZGw,Safe Load Moving & Storage,Southwest,73 Lenape Heights Ave,Las Vegas,NV,89148,36.0506,-115.293,2.5,4,1,45,xcgFnd-MwkZeO5G2HQ0gAQ,Bakeries
176,45zlHi1yyrjpQS_icSi60A,Feast Buffet,,2101 Texas Star Ln,North Las Vegas,NV,89032,36.1975,-115.192,2.5,79,1,45,xcgFnd-MwkZeO5G2HQ0gAQ,Bakeries
177,464noDA4m4CYmGRIXWtd5w,Star Trek Convention 2012,,Hotel Rio Dr,Las Vegas,NV,89103,36.1169,-115.186,4.0,5,1,464,WUiDaFQRZ8wKYGLvmjFjAw,Sushi Bars
178,466ws1Gu2SuCLkpnUwoYGA,Fantastic Sams,,5546 Camino Al Norte,North Las Vegas,NV,89031,36.2604,-115.154,3.5,15,1,466,nAFI7JZEhmvUKMKSA_5Chg,Cafes
179,46JVW4pwLDRIye4gYJboSw,Terra Rossa,South Summerlin,"Red Rock Casino Resort & Spa, 11026 W Charleston Blvd",Las Vegas,NV,89150,36.1573,-115.334,3.0,103,0,46,xcgFnd-MwkZeO5G2HQ0gAQ,Bagels
180,46NIyRLsAwKNljxz_P9EIw,Jump 2 It Plumbing,Sunrise,"6895 E Lake Mead Blvd, Ste 6-178",Las Vegas,NV,89156,36.1942,-115.025,3.5,18,1,46,xcgFnd-MwkZeO5G2HQ0gAQ,Bagels
181,46P5yEu3aurgJ9IiGGloVQ,Roberto's Taco Shop,,"193 N Gibson Rd, Ste 100",Henderson,NV,89014,36.0407,-115.03,2.0,23,1,46,xcgFnd-MwkZeO5G2HQ0gAQ,Bagels
182,46ud6EO8tIlgnLnhLN2Tvg,Southern Style Eatery,Westside,"240 N Jones Blvd, Ste E",Las Vegas,NV,89107,36.1753,-115.224,4.5,12,0,46,xcgFnd-MwkZeO5G2HQ0gAQ,Bagels
183,46UHF46E1z-W2dOmhv-Fng,PT's,Westside,739 S Rainbow Blvd,Las Vegas,NV,89145,36.1652,-115.245,2.5,39,1,46,xcgFnd-MwkZeO5G2HQ0gAQ,Bagels
184,46zvydHgyodrFEYFkKJFGQ,Las Vegas Finance,Westside,5715 W Sahara Ave,Las Vegas,NV,89146,36.1439,-115.22,2.5,5,1,46,xcgFnd-MwkZeO5G2HQ0gAQ,Bagels
185,46zwhZduYYqI2pKQyrd1Pg,PT's Ranch,Southeast,2430 E Pebble Rd,Henderson,NV,89074,36.0281,-115.118,2.5,66,1,46,xcgFnd-MwkZeO5G2HQ0gAQ,Bagels
186,47Ce56CE_NnzdmCozdMQng,La Takiza,Eastside,3762 E Flamingo Rd,Las Vegas,NV,89121,36.1155,-115.093,4.5,3,0,47,xcgFnd-MwkZeO5G2HQ0gAQ,Food
187,47gGOoroYQPJlviKVQzMjQ,Kasandra Bates - Keller Williams Realty,,"2230 Corporate Cir, Ste 250",Henderson,NV,89074,36.0284,-115.089,5.0,4,1,47,xcgFnd-MwkZeO5G2HQ0gAQ,Food
188,47guZqFjz2V5TJcdtvooJw,Donut Mania,,"725 S Green Valley Pkwy, Ste 120",Henderson,NV,89052,36.0012,-115.084,4.0,110,1,47,xcgFnd-MwkZeO5G2HQ0gAQ,Food
189,47i-sDR00I4WTOFZE5fIww,Elephant Vapor,,"3981 E Sunset Rd, Ste A",las vegas,NV,89120,36.0707,-115.088,4.5,128,1,47,xcgFnd-MwkZeO5G2HQ0gAQ,Food
190,47jgIIjM2YpyM0w2uKJCKg,Project Fitness,,5066 W Post Rd,Las Vegas,NV,89118,36.076,-115.21,5.0,10,1,47,xcgFnd-MwkZeO5G2HQ0gAQ,Food
191,47pnOJXjRpobOpr9YiLslQ,First Source Services,Southeast,"8525 S Eastern Ave, Ste 130",Las Vegas,NV,89123,36.0346,-115.12,4.0,4,1,47,xcgFnd-MwkZeO5G2HQ0gAQ,Food
192,47pVxDs9wZqViN9rDJSf0g,Danube Construction,,,Las Vegas,NV,89103,36.1104,-115.207,5.0,4,1,47,xcgFnd-MwkZeO5G2HQ0gAQ,Food
193,47Qn5wZRigw3dspZzapZAw,Vista Landscape Supply,,20 N Gibson Rd,Henderson,NV,89014,36.0333,-115.026,4.0,5,1,47,xcgFnd-MwkZeO5G2HQ0gAQ,Food
194,47uiKXkwVAKDyZEWaDFjQw,Keyport Store & HQ,,3155 W Tompkins Ave,Las Vegas,NV,89103,36.1043,-115.183,4.5,13,1,47,xcgFnd-MwkZeO5G2HQ0gAQ,Food
195,496tygRfXF-pbvgeHOwijQ,Nex Level Barbershop III,Southeast,"9890 South Maryland Pkwy, Ste 4",Las Vegas,NV,89183,36.0102,-115.135,1.5,14,1,496,W1Yr6c2XDx_RBjb6WsV-aQ,Nightlife
196,4E3nFi3rrmKbqUjG4erKJw,Avant Garde,,Plaza Hotel Main St,Las Vegas,NV,,36.1807,-115.14,3.0,4,1,4000,8v7nrjG5K0cMleIP4Kit-w,Karaoke
197,500h_OvLfSJyYm_PP8QSWQ,St Andrews Club,,4249 N Commerce Street Ofc,North Las Vegas,NV,89032,36.2366,-115.144,1.0,3,1,500,SJAggfn8ta7XLD98XD2mkw,Burgers
198,522GgMvOvzaKCEX6BfAtvg,La Reyna Mexican Restaurant & Mariscos,Sunrise,"745 N Nellis Blvd, Ste 1",Las Vegas,NV,89110,36.1762,-115.063,4.0,21,1,522,AR6mrWO89rq-ku_t_E71AA,Desserts
199,539J6xQLV5hXsSy9QxBmww,Encore Bridal Boutique,Chinatown,"4525 Spring Mountain Rd, Ste 109",Las Vegas,NV,89102,36.1258,-115.202,3.5,7,0,539,vzx1WdVivFsaN4QYrez2rw,Fast Food
200,542ipK0wUacUjO0HgW73yA,Metz Home Inspection,Southeast,,Las Vegas,NV,89119,36.0765,-115.153,4.5,5,1,542,-McKyjNSqS1h9dDJH3dyUA,Cafes
201,54C0BOu2RysGMlHN4_9lQg,American Eagle Outfitters,,1300 W Sunset Rd,Henderson,NV,89014,36.0671,-115.043,3.0,8,1,54,fNMVV_ZX7CJSDWQGdOM8Nw,Restaurants
202,54fC1Sbd5MYxo07LMauSbQ,Wild West Guns,,5225 Wynn Rd,Las Vegas,NV,89118,36.0951,-115.195,4.0,43,1,54,fNMVV_ZX7CJSDWQGdOM8Nw,Restaurants
203,54iJUi8fYVGWWB2wP9ZW9w,Lenzen Contracting,Centennial,"7260 W Azure Dr, Ste 140",Las Vegas,NV,89130,36.2738,-115.253,5.0,5,1,54,fNMVV_ZX7CJSDWQGdOM8Nw,Restaurants
204,54LYVM1gCGQ2UVFK9QhgTw,The Flame Broiler,,"651 N Rainbow Blvd, Ste 120",Las Vegas,NV,89107,36.1793,-115.243,4.5,78,1,54,fNMVV_ZX7CJSDWQGdOM8Nw,Restaurants
205,54WM5coZonA0izd2y04p_A,Famous Dave's Barbeque,Spring Valley,9695 W Flamingo Rd,Las Vegas,NV,89147,36.1142,-115.304,3.5,201,1,54,fNMVV_ZX7CJSDWQGdOM8Nw,Restaurants
206,54y4I_zFjiZ9bFSmMlzl5g,Punjab Market & Smoke Shop,,"4001 S Decatur Blvd, Ste 27",Las Vegas,NV,89103,36.1174,-115.21,2.5,3,1,54,fNMVV_ZX7CJSDWQGdOM8Nw,Restaurants
207,55CXQoIftXybtBZEg0HQfQ,Enchanted Florist,,1541 W Oakey Blvd,Las Vegas,NV,89102,36.1307,-115.178,4.5,53,1,55,fNMVV_ZX7CJSDWQGdOM8Nw,American (Traditional)
208,55E0-qUHa7Kzqz8rOhbdBQ,Costco Gasoline,,791 Marks St,Henderson,NV,89014,36.0684,-115.039,4.5,36,1,55,fNMVV_ZX7CJSDWQGdOM8Nw,American (Traditional)
209,55lgqZ_IVMHCuAfqSHx_CQ,Airwork,,2826 Perimeter Rd,North Las Vegas,NV,89032,36.2108,-115.204,4.5,45,1,55,fNMVV_ZX7CJSDWQGdOM8Nw,American (Traditional)
210,55s_8VLK7IAjKSg2PZ21VA,eProNet,Spring Valley,6149 S Rainbow Blvd,Las Vegas,NV,89118,36.0769,-115.245,2.5,10,1,55,fNMVV_ZX7CJSDWQGdOM8Nw,American (Traditional)
211,55VOvGFNYR0c72iEENfdag,Magnificent Hands Center for Healing,Southeast,"2055 E Windmill Ln, Ste 155",Las Vegas,NV,89123,36.0421,-115.123,5.0,4,1,55,fNMVV_ZX7CJSDWQGdOM8Nw,American (Traditional)
212,55ydqSTnh7DjyuLCJv-FiQ,Newt's Tailoring & Alterations,,55 S Gibson Rd,Henderson,NV,89012,36.0312,-115.029,4.5,33,1,55,fNMVV_ZX7CJSDWQGdOM8Nw,American (Traditional)
213,56D2GUAp3lesnYcoilPd6w,Special Nails,Southwest,8544 Blue Diamond Rd,Las Vegas,NV,89178,36.0216,-115.278,2.0,59,1,56,l09JfMeQ6ynYs5MCJtrcmQ,Italian
214,56d3dE1LoZZMxA-kTQvqew,Studio 21 Tattoo Gallery,,"6020 W Flamingo Rd, Ste B-2",Las Vegas,NV,89103,36.1153,-115.224,5.0,339,1,56,l09JfMeQ6ynYs5MCJtrcmQ,Italian
215,56d8gwt-aRz9jzf-JqDuiw,Elegant Kitchen Cabinets,Southeast,2281 E Sunset Rd,Las Vegas,NV,89119,36.0713,-115.121,1.0,5,1,56,l09JfMeQ6ynYs5MCJtrcmQ,Italian
216,56IqIlz5IAlRRQhezm8C2Q,Siegel Suites,Eastside,455 E Twain Ave,Las Vegas,NV,89169,36.1209,-115.153,2.0,3,1,56,l09JfMeQ6ynYs5MCJtrcmQ,Italian
217,56Ll9rqG2WxXj4X2pmlkHQ,Sweet Tomatoes,,2080 N Rainbow Blvd,Las Vegas,NV,89108,36.1972,-115.24,3.5,231,1,56,l09JfMeQ6ynYs5MCJtrcmQ,Italian
218,56RngQdqrzJjVXIjbyXPcw,Casa Del Sol Mobile Home Community,Eastside,4800 Vegas Valley Dr Ofc,Las Vegas,NV,89121,36.1166,-115.088,2.5,3,1,56,l09JfMeQ6ynYs5MCJtrcmQ,Italian
219,56XVx39ABp5bcV0tT7iEDQ,Studio DCF,Spring Valley,9100 W Flamingo Rd,Las Vegas,NV,89147,36.1149,-115.29,5.0,3,1,56,l09JfMeQ6ynYs5MCJtrcmQ,Italian
220,56_j_lcGj5X9SpM2KzLm4A,Fabulous Eyebrow Threading,Westside,"2960 S Durango Dr, Ste 112",Las Vegas,NV,89117,36.1355,-115.278,5.0,475,1,56,l09JfMeQ6ynYs5MCJtrcmQ,Italian
221,57CbhnkEuJOX0Yqs3WVW8g,AR Financial,Chinatown,3537 S Valley View Blvd,Las Vegas,NV,89102,36.1254,-115.19,1.0,3,1,57,l09JfMeQ6ynYs5MCJtrcmQ,French
222,57HulgI0Ju8Xj5cpxnmu1g,Fish Cage,,3940 N Mlk Blvd,North Las Vegas,NV,89032,36.2309,-115.161,3.5,13,1,57,l09JfMeQ6ynYs5MCJtrcmQ,French
223,57ovaBtfRezAaDJiptlBIg,Ross Dress for Less,,"3021 N Rainbow Blvd, Cheyenne Commons",Las Vegas,NV,89108,36.2155,-115.242,3.0,12,1,57,l09JfMeQ6ynYs5MCJtrcmQ,French
224,57ovTaK03i0SaUViTwVz9A,Futons 4 Less,Westside,"1900 S Rainbow Blvd, Ste A",Las Vegas,NV,89146,36.1505,-115.243,4.5,14,1,57,l09JfMeQ6ynYs5MCJtrcmQ,French
225,57wIzrAx8b0OPcdDooS42w,Courtesy Lotus,Centennial,6401 Centennial Ctr,Las Vegas,NV,89149,36.2745,-115.27,4.0,5,1,57,l09JfMeQ6ynYs5MCJtrcmQ,French
226,57YfluRb_8wme_3F4brV6g,Summerlin Hills Pool Service,Summerlin,,Las Vegas,NV,89131,36.1828,-115.295,5.0,4,1,57,l09JfMeQ6ynYs5MCJtrcmQ,French
227,58DtpRRybAJ4FZErEcJbtQ,DeVry University Henderson Campus,,"2490 Paseo Verde Pkwy., Suite 150",Henderson,NV,89074,36.0399,-115.074,2.5,5,1,58,l09JfMeQ6ynYs5MCJtrcmQ,Restaurants
228,58EUMPvySPgEYeE0de9scg,Donna Klein,Centennial,8414 W Farm Rd,Las Vegas,NV,89131,36.3011,-115.28,4.5,3,1,58,l09JfMeQ6ynYs5MCJtrcmQ,Restaurants
229,58Fp10YoCkVkBFj4_0E9NQ,Showcase Mall,The Strip,3785 Las Vegas Blvd S,Las Vegas,NV,89109,36.1035,-115.172,3.0,6,1,58,l09JfMeQ6ynYs5MCJtrcmQ,Restaurants
230,58gG8jMwJgddG-XnKUdLbQ,Albertsons,Summerlin,1940 Village Center Cir,Las Vegas,NV,89134,36.1933,-115.306,2.5,22,1,58,l09JfMeQ6ynYs5MCJtrcmQ,Restaurants
231,58hJr017DfwvT72bZ3t97Q,Star Orthodontics and Pediatric Dentistry,Southwest,"10660 Southern Highlands Pkwy, Ste 110",Las Vegas,NV,89141,35.9954,-115.205,4.0,21,1,58,l09JfMeQ6ynYs5MCJtrcmQ,Restaurants
232,58QoAy7ggzj8ukeJ8YmKFw,Sprouts Farmers Market,Southeast,3365 E Tropicana Ave,Las Vegas,NV,89121,36.0989,-115.102,4.0,100,1,58,l09JfMeQ6ynYs5MCJtrcmQ,Restaurants
233,58TsZIweIkb8B4iOkA4jWQ,Mobile  Massage By Alicia McNair - Aloha Breeze Mobile Massage,Westside,"3355 S Highland Dr, Ste 108",Las Vegas,NV,89109,36.1285,-115.179,5.0,29,1,58,l09JfMeQ6ynYs5MCJtrcmQ,Restaurants
234,5E5IiNNZikkiF5ZRC4Lp-w,Spa Tropicana,The Strip,3801 Las Vegas Blvd,Las Vegas,NV,89109,36.0994,-115.171,2.5,5,1,500000,eH4f7_hN8qzamuXBOvVLdg,Breakfast & Brunch
235,610ioNIyxpPiZuxRwH3Ofw,"Matt Anderson, DC",,2590 Nature Park Dr,Las Vegas,NV,89084,36.2885,-115.177,5.0,5,1,610,d7AtQMYDUh40DeJinidFNQ,Restaurants
236,629LOsDzWH1fqiHJLD_Iqg,Siegfried and Roy,The Strip,,Las Vegas,NV,89109,36.1286,-115.171,4.5,4,0,629,z1hRMOmEvw7jx4cq4-8Yfw,Restaurants
237,67AkAVvFazpp5mowlBi3Mw,Canyon,Westside,8450 West Charleston Blvd,Las Vegas,NV,89117,36.16,-115.276,3.5,18,0,67,Gu-xs3NIQTj3Mj2xYoN2aw,French
238,67Ax4KKajNCphKwk__M5nA,Las Vegas Dining Tours,Westside,,Las Vegas,NV,89117,36.1453,-115.278,1.0,3,1,67,Gu-xs3NIQTj3Mj2xYoN2aw,French
239,67BSDXRQJJbpHnKLIMst1g,Carvel,Spring Valley,"5130 S Fort Apache Rd, Ste 215",Las Vegas,NV,89148,36.0952,-115.297,2.5,6,0,67,Gu-xs3NIQTj3Mj2xYoN2aw,French
240,67CoDnvrLlA4jGSpLbkdPQ,Jacobs Grande Group - Signature Real Estate,Anthem,"2200 Paseo Verde Pkwy, Ste 300",Henderson,NV,89052,36.0209,-115.085,5.0,9,1,67,Gu-xs3NIQTj3Mj2xYoN2aw,French
241,67D8fbXNN0MULZGmpzU48w,WSS,Sunrise,4440 E Charleston Blvd,Las Vegas,NV,89104,36.1593,-115.079,2.5,8,1,67,Gu-xs3NIQTj3Mj2xYoN2aw,French
242,67G6xvyXJQUtjnaKirQANw,Broadstone Talavera,Westside,2251 South Fort Apache Rd,Las Vegas,NV,89117,36.1488,-115.3,3.5,45,1,67,Gu-xs3NIQTj3Mj2xYoN2aw,French
243,67gVfnWZB8oY_TqRW5Vfug,Lawn Demolition by Landmarc,,1731 N Rancho Dr,Las Vegas,NV,89106,36.1915,-115.189,3.5,3,1,67,Gu-xs3NIQTj3Mj2xYoN2aw,French
244,67hxU1gcm2QCJDwi2GJFxQ,Bonanza Gift Shop,The Strip,2440 Las Vegas Blvd S,Las Vegas,NV,89104,36.1442,-115.157,3.0,168,1,67,Gu-xs3NIQTj3Mj2xYoN2aw,French
245,67mSkPq65PwprQx71DBETQ,Dental Nation,Eastside,3255 S Eastern Ave,Las Vegas,NV,89169,36.1306,-115.119,4.5,15,1,67,Gu-xs3NIQTj3Mj2xYoN2aw,French
246,67OIG-1s4IAXb-YXNk6ZJg,Charlie's Las Vegas,,"5012 Arville St, Ste 4",Las Vegas,NV,89118,36.0986,-115.199,3.0,61,1,67,Gu-xs3NIQTj3Mj2xYoN2aw,French
247,67Pixsv_TFvKt23W3udWEw,Shirin Lieberman - Luxe Estates & Lifestyles,Westside,"7448 W Sahara Ave, Ste 106",Las Vegas,NV,89117,36.1453,-115.255,4.0,5,1,67,Gu-xs3NIQTj3Mj2xYoN2aw,French
248,67s2rTBZthHp8_M9bnGSxA,Soul D'licious Seasonings,Westside,"1725 S Rainbow Blvd, Ste 21",Las Vegas,NV,89146,36.1526,-115.244,5.0,7,1,67,Gu-xs3NIQTj3Mj2xYoN2aw,French
249,67vd6OOsPNTTkRo4-zB2ug,Terry Akers DC,Northwest,6800 W Cheyenne Ave,Las Vegas,NV,89108,36.2187,-115.243,4.5,4,1,67,Gu-xs3NIQTj3Mj2xYoN2aw,French
250,67XSUoXRC4XHk7kYccp1Ig,The Paseo Walking Path,Southwest,10950 Southern Highlands Pkwy,Las Vegas,NV,89141,35.9912,-115.2,4.5,10,1,67,Gu-xs3NIQTj3Mj2xYoN2aw,French
251,67__d4hCRV47mNrMJabo5w,Focus Plumbing,Downtown,"1220 S Commerce St, Ste 120",Las Vegas,NV,89102,36.1572,-115.156,4.5,26,1,67,Gu-xs3NIQTj3Mj2xYoN2aw,French
252,68dFT3p8wWA6jR_zbIEIDQ,Doodad Magic,Summerlin,,Las Vegas,NV,89128,36.1894,-115.273,5.0,24,1,68,Gu-xs3NIQTj3Mj2xYoN2aw,Food
253,68jn0s0snbO5dhasLaVvDw,Flock & Fowl,The Strip,380 W Sahara Ave,Las Vegas,NV,89102,36.1443,-115.163,4.5,385,1,68,Gu-xs3NIQTj3Mj2xYoN2aw,Food
254,68MErw5ihghfLJY7ouxetg,Taratuta Beata A MD,,"3150 N Tenaya Way, Ste 690",Las Vegas,NV,89128,36.2168,-115.25,3.5,3,1,68,Gu-xs3NIQTj3Mj2xYoN2aw,Food
255,68O4uYCd0YToLOLqHTBSZQ,Jeff Civillico: Comedy In Action,The Strip,3655 Las Vegas Blvd,Las Vegas,NV,89109,36.1128,-115.172,5.0,164,1,68,Gu-xs3NIQTj3Mj2xYoN2aw,Food
256,68q7zzEFee2k6XhSsYg_lg,Hair Art Studios,,"1275 W Warm Springs Rd, Ste 120",Henderson,NV,89014,36.0555,-115.041,4.0,5,0,68,Gu-xs3NIQTj3Mj2xYoN2aw,Food
257,68vGFIH94olrtPi1kAEYVw,Gordie Brown,The Strip,3667 S Las Vegas Blvd,Las Vegas,NV,89109,36.1097,-115.17,4.0,118,1,68,Gu-xs3NIQTj3Mj2xYoN2aw,Food
258,68wkBfb3xc3bzRI45msv8A,Chade Nehring - State Farm Insurance Agent,Spring Valley,"4735 S Durango Dr, Ste 110",Las Vegas,NV,89147,36.1033,-115.28,4.5,22,1,68,Gu-xs3NIQTj3Mj2xYoN2aw,Food
259,68_nIoStgS3XUoZiW6doAg,Ernie's High Adventure Pub & Deli,,65 S Stephanie S,Henderson,NV,89012,36.0273,-115.047,4.0,5,0,68,Gu-xs3NIQTj3Mj2xYoN2aw,Food
260,698nukvxe7mq2Fra5vDikQ,Rise & Shine a Steak & Egg Place,Spring Valley,9827 W Flamingo Rd,Las Vegas,NV,89147,36.1143,-115.306,4.0,617,1,698,kyXEnWKQGWSThY6EcjORuw,Restaurants
261,69EwDvvZQeNZLmlt2qDRCA,Redemption Tattoo Family,Eastside,"4080 Paradise Rd, Unit 20",Las Vegas,NV,89169,36.1152,-115.153,5.0,19,0,69,Gu-xs3NIQTj3Mj2xYoN2aw,Bakeries
262,69SHzcXpZCuLwCG1X4l4_Q,Fountains Brunch,The Strip,"Bellagio Las Vegas, 3600 Las Vegas Blvd",Las Vegas,NV,89109,36.1141,-115.173,4.5,7,0,69,Gu-xs3NIQTj3Mj2xYoN2aw,Bakeries
263,69snoDreEoaYtlwOQUzSbg,Rock-A-Do Hair Studio,,4040 W Craig Rd,North Las Vegas,NV,89032,36.24,-115.195,5.0,46,1,69,Gu-xs3NIQTj3Mj2xYoN2aw,Bakeries
264,69xvZkklyUBHKnXGun34lA,Bee Wise Pest Control,Westside,"9030 W Sahara Ave, Ste 405",Las Vegas,NV,89117,36.1447,-115.297,5.0,30,1,69,Gu-xs3NIQTj3Mj2xYoN2aw,Bakeries
265,69ZM3r_9vnuU-jO4V4XXfQ,Sunglass Hut,,"1300 W Sunset Rd, Ste K4",Henderson,NV,89014,36.0673,-115.042,4.0,6,1,69,Gu-xs3NIQTj3Mj2xYoN2aw,Bakeries
266,6e3GGt32bGFFoWkJ7KJc_g,Sherwin-Williams Paint Store,Westside,4237 W Sahara Ave,Las Vegas,NV,89102,36.144,-115.198,5.0,5,1,6000,OhJk1dEcC6DY47gqFDsOwg,Nightlife
267,6e3pkuojho0w1R3WkgwUJg,National Jewelry Center,,3021 Business Ln,Las Vegas,NV,89103,36.1092,-115.182,4.5,23,1,6000,OhJk1dEcC6DY47gqFDsOwg,Nightlife
268,707ST4xhNavXNvZtEL-RgQ,Windy City Beefs 'N Dogs,Westside,7006 W Charleston Blvd,Las Vegas,NV,89145,36.1596,-115.252,3.5,9,0,707,M3uV9Y3EDSpy9d4YwyNSAQ,Restaurants
269,7088fJUmZpxsLOneIAeeqg,Finish Line,Westside,"4300 Meadows Ln, Ste 107",Las Vegas,NV,89107,36.1723,-115.196,3.5,5,1,7088,Rv1IiQaIIDunqzS8dSvHCw,Thai
270,70liL-zJ0D3Fv3wwzfHxWQ,Rachel Elizabeth Photography,,540 W Horizon Ridge Pkwy,Henderson,NV,89012,44.3112,-71.7805,5.0,7,1,70,Gu-xs3NIQTj3Mj2xYoN2aw,Restaurants
271,70MVDnc3etk9RKC4AUtIrg,iPhix SmartPhone and Computer Repair,South Summerlin,"3370 S Hualapai Way, Ste 145",Las Vegas,NV,89117,36.1284,-115.315,4.5,61,1,70,Gu-xs3NIQTj3Mj2xYoN2aw,Restaurants
272,70WjV89Z3DgsZvGDMYQf0g,Two Heads Studios Caricature Entertainment,Southwest,,Las Vegas,NV,89139,36.0402,-115.224,5.0,10,1,70,Gu-xs3NIQTj3Mj2xYoN2aw,Restaurants
273,714Uc3w5ant5sUrLYXetfw,Tiffany's Boutique,,"4401 E Sunset Rd, Ste 10",Henderson,NV,89014,36.0705,-115.077,3.5,3,0,714,1cLXGXThDYZ5WK_KpBLtkw,Bakeries
274,71aOEuRuypjW4tqmTr4A3g,Dollar Rent A Car,The Strip,3799 S Las Vegas Blvd,Las Vegas,NV,89119,36.1034,-115.169,1.5,8,0,71,lHYiCS-y8AFjUitv6MGpxg,Food
275,71bwX-tbmq4su8H7Q9oLOQ,PT's,South Summerlin,3770 S Hualapai Way,Las Vegas,NV,89147,36.1213,-115.314,3.5,54,1,71,lHYiCS-y8AFjUitv6MGpxg,Food
276,71Ei77xwmYoHlZDbPfezYQ,The Gypsy Mobile Minister,Centennial,,Las Vegas,NV,89149,36.2684,-115.296,5.0,6,1,71,lHYiCS-y8AFjUitv6MGpxg,Food
277,71iOVsVTx9hwePTZj8qmPA,DaMoa Home Shopping / K-POP,Chinatown,"6850 W Spring Mountain, Unit U2",Las Vegas,NV,89146,36.1272,-115.241,4.0,8,1,71,lHYiCS-y8AFjUitv6MGpxg,Food
278,71tM_a0ac04ZOsO2KzkI2A,Wall To Wall Carpet Cleaning,,,Henderson,NV,89052,35.9526,-115.023,4.0,19,1,71,lHYiCS-y8AFjUitv6MGpxg,Food
279,72D99mxvVcg4kOzNjjUWtg,Salute Lounge,The Strip,3325 Las Vegas Blvd S,Las Vegas,NV,89136,36.1242,-115.168,3.5,13,1,72,lHYiCS-y8AFjUitv6MGpxg,Coffee & Tea
280,72DgAs37gJTuVHAes6XyCA,The Palette,,2416 Mountain Rail Dr,North Las Vegas,NV,89084,36.2808,-115.176,5.0,29,1,72,lHYiCS-y8AFjUitv6MGpxg,Coffee & Tea
281,72f1WS8VT0ueZED7tu-QCw,Desert Adventures,,1647A Nevada Hwy,Boulder City,NV,89005,35.9682,-114.858,4.5,69,1,72,lHYiCS-y8AFjUitv6MGpxg,Coffee & Tea
282,72fGHajvCEIsKkNPI0Dbfw,New York Nails,Westside,"1105 S Rainbow Blvd, Ste 103",Las Vegas,NV,89146,36.1367,-115.229,3.5,15,1,72,lHYiCS-y8AFjUitv6MGpxg,Coffee & Tea
283,72HxE_cBs8mQC2ONF22G0g,Target Pharmacy,Southwest,4100 Blue Diamond Rd,Las Vegas,NV,89139,36.0408,-115.195,5.0,4,1,72,lHYiCS-y8AFjUitv6MGpxg,Coffee & Tea
284,72LIW8U_EfytHYdGHGqPtw,Fowler Electric,Southwest,,Las Vegas,NV,89139,36.0402,-115.224,5.0,3,1,72,lHYiCS-y8AFjUitv6MGpxg,Coffee & Tea
285,72Lw4m4viaiorocm4w68PQ,Oreck Factory Showroom,,2021 N Rainbow Blvd,Las Vegas,NV,89108,36.1986,-115.243,2.5,3,0,72,lHYiCS-y8AFjUitv6MGpxg,Coffee & Tea
286,72nExGCaN2zbznwqmgykXw,T-Mobile,,"410 Marks St, Ste 140",Henderson,NV,89014,36.0568,-115.037,3.0,20,1,72,lHYiCS-y8AFjUitv6MGpxg,Coffee & Tea
287,72oMUyOEaoxl_mepI3mXZw,Sky Dental,Centennial,"6420 Sky Pointe Dr, Ste 170",Las Vegas,NV,89131,36.2792,-115.262,5.0,8,1,72,lHYiCS-y8AFjUitv6MGpxg,Coffee & Tea
288,72Sl6a9FEw2On7D4a4255w,Skin Sensations,Anthem,"Diamond Summit Plaza, 2986 St Rose Pkwy",Henderson,NV,89052,36.0057,-115.118,4.5,12,0,72,lHYiCS-y8AFjUitv6MGpxg,Coffee & Tea
289,72XM-9_hylkADY9P-0f2RQ,Food-4 Less,Southeast,8180 S Las Vegas Blvd,Las Vegas,NV,89123,36.0402,-115.171,3.5,24,0,72,lHYiCS-y8AFjUitv6MGpxg,Coffee & Tea
290,7e3PZzUpG5FYOTGt3O3ePA,Waverly's Steak House,,2121 E Craig Rd,North Las Vegas,NV,89030,36.2385,-115.119,4.0,79,1,7000,VEcI0bURmJtf0B9UPSEMDA,Restaurants
291,80J9QfTbDYBk88rhd826dA,BMW Only,,"5115 Dean Martin Dr, Ste C301",Las Vegas,NV,89118,36.0966,-115.182,5.0,87,1,80,PMH4oUa-bWELKogdtkWewg,Sports Clubs
292,80Lkm305ZOkQdMEIvOy_lw,TAP Sports Bar,The Strip,3799 Las Vegas Blvd S,Las Vegas,NV,89109,36.1013,-115.171,3.5,335,1,80,PMH4oUa-bWELKogdtkWewg,Sports Clubs
293,80UAilM6KKXqJCLAhRaLXA,Hypnotic Salon & Spa,Southeast,"3460 E Sunset Rd, Ste I",Las Vegas,NV,89120,36.0723,-115.099,4.0,12,0,80,PMH4oUa-bWELKogdtkWewg,Sports Clubs
294,80VIjeI8MW00hhRRpyJT0w,"Shanker Dixit, MD - Neurology Center of Las Vegas",,2440 Professional Ct,Las Vegas,NV,89128,36.2043,-115.255,1.5,17,1,80,PMH4oUa-bWELKogdtkWewg,Sports Clubs
295,80wYgfv6sDNQlbJ7NbovGg,WHASN Northwest,,7160 Smoke Ranch Rd,Las Vegas,NV,89128,36.2037,-115.248,3.0,26,1,80,PMH4oUa-bWELKogdtkWewg,Sports Clubs
296,8183nOMKuGg_zgcsUdCY_g,Intelligent Technical Solutions,Westside,"3330 W Desert Inn Rd, Ste B",Las Vegas,NV,89102,36.1307,-115.185,5.0,3,1,8183,qLO9ES3-mKJrodFO1mzgOg,Tex-Mex
297,824TPhxyn64v1__rmjxttA,Lolo Fuzion,Downtown,,Las Vegas,NV,,36.1699,-115.14,2.5,3,1,824,Qv0OEziLJwyAqcgtrTsA4w,Sandwiches
298,84Afv7WdD0RZ4nTK2W5KXA,Allstate Insurance: William Duran,Northwest,"6731 W Alexander Rd, Ste 106",Las Vegas,NV,89108,36.2326,-115.243,3.5,5,1,84,VSGcuYDV3q-AAZ9ZPq4fBQ,Bars
299,84bDuMJsE0tmgpk1aU27KA,Body Mind & Soul Center,Northwest,"5081 N Rainbow Blvd, Ste 105",Las Vegas,NV,89130,36.2545,-115.243,5.0,3,1,84,VSGcuYDV3q-AAZ9ZPq4fBQ,Bars
300,84D3me3nDXXWDBzT0qcbbA,Roadrunner Saloon,,2430 E Pebble Rd,Henderson,NV,89074,36.0397,-115.076,3.0,44,0,84,VSGcuYDV3q-AAZ9ZPq4fBQ,Bars
301,84D7t2d3PNFWr4kCZbQb4g,Bonita's Beauty Bar,Northwest,,Las Vegas,NV,89129,36.2331,-115.272,5.0,3,1,84,VSGcuYDV3q-AAZ9ZPq4fBQ,Bars
302,84DjKzaR26vphu9fNI9nKg,Sierra Gold,,1341 W Warm Springs Rd,Henderson,NV,89014,36.0557,-115.043,3.0,81,1,84,VSGcuYDV3q-AAZ9ZPq4fBQ,Bars
303,84hjql_FvHAmniUMovDuEA,Las Vegas Auto Insurance,,1953 N Decatur Blvd,Las Vegas,NV,89108,36.1948,-115.206,4.5,9,1,84,VSGcuYDV3q-AAZ9ZPq4fBQ,Bars
304,84k_DLsR7T4q5HV5SI3VbQ,Fantastic Sams,Anthem,2654 W Horizon Ridge Pkwy,Henderson,NV,89052,36.0015,-115.104,3.0,22,1,84,VSGcuYDV3q-AAZ9ZPq4fBQ,Bars
305,84OaY6g32C6PiRXXd3suuw,ARCO ampm,Spring Valley,7262 S Fort Apache Rd,Las Vegas,NV,89178,36.056,-115.297,2.0,26,1,84,VSGcuYDV3q-AAZ9ZPq4fBQ,Bars
306,84Q5VfaWioe7lwcZmi3CNw,ANLV Cab Company,,5010 S Valley View Blvd,Las Vegas,NV,89103,36.0985,-115.189,2.0,13,1,84,VSGcuYDV3q-AAZ9ZPq4fBQ,Bars
307,84wisPoQCMx8jIY5hF5ALw,Hertz Rent A Car,Downtown,1815 E Sahara Ave,Las Vegas,NV,89104,36.1439,-115.127,1.5,11,1,84,VSGcuYDV3q-AAZ9ZPq4fBQ,Bars
308,85A_T5D5S-yK-mE7QbKRaw,D & R Balloons,,,Las Vegas,NV,89101,36.1697,-115.124,2.5,3,0,85,VSGcuYDV3q-AAZ9ZPq4fBQ,Sports Bars
309,85gYSNxRpFIbQ3JVcudsVw,Pizza Hut,,4870 Boulder Hwy,Las Vegas,NV,89121,36.1154,-115.068,2.5,21,1,85,VSGcuYDV3q-AAZ9ZPq4fBQ,Sports Bars
310,85Hmd7hrMr7-nnWVYYXCQQ,Cvs Pharmacy,The Strip,"2700 S Las Vegas Blvd, Ste 100",Las Vegas,NV,89109,36.1389,-115.162,2.5,7,0,85,VSGcuYDV3q-AAZ9ZPq4fBQ,Sports Bars
311,85kGE-lS_psgvf-8wQffsA,Baldwin Distinctive Dentistry,Northwest,"8670 W Cheyenne Ave, Ste 205",Las Vegas,NV,89129,36.2187,-115.284,5.0,38,1,85,VSGcuYDV3q-AAZ9ZPq4fBQ,Sports Bars
312,85KnjZ8AXc1YRv0qb1VTDA,Sedation Dental Center of Las Vegas,,4090 N MLK Blvd,Las Vegas,NV,89032,36.2336,-115.161,3.5,3,0,85,VSGcuYDV3q-AAZ9ZPq4fBQ,Sports Bars
313,85NJYsnJt076Nd0KwsIibg,"Michelle M Lewis, DO",,1701 N Green Valley Pkwy,Henderson,NV,89074,36.0363,-115.086,3.5,56,1,85,VSGcuYDV3q-AAZ9ZPq4fBQ,Sports Bars
314,85qgQW9Ur6f58rOUjiHltA,Dignity Health Medical Group - Southwest,Southwest,8205 W Warm Springs Rd,Las Vegas,NV,89113,36.0548,-115.271,3.0,32,1,85,VSGcuYDV3q-AAZ9ZPq4fBQ,Sports Bars
315,85VsT6NwmbnN1zd_U47TzA,Starbucks,The Strip,3799 Las Vegas Blvd S,Las Vegas,NV,89109,36.1017,-115.172,2.5,32,1,85,VSGcuYDV3q-AAZ9ZPq4fBQ,Sports Bars
316,85_UE8pg0tw8T7-RKmKIgA,Knight Performance,,4275 W Reno Ave,Las Vegas,NV,89118,36.0969,-115.197,5.0,5,0,85,VSGcuYDV3q-AAZ9ZPq4fBQ,Sports Bars
317,861j9brt9NPDNOoC5Z-7jQ,Bank of America,,10 E Horizon Ridge Pkwy,Henderson,NV,89002,36.0104,-114.991,2.5,12,1,861,aD4qhONCE5catMdQC4sqwg,Pizza
318,86FiE2uRbyBxfSBITONePw,Blondies Bail Bonds,,9580 S Maryland Pkwy,Las Vegas,NV,89183,36.175,-115.136,5.0,3,1,86,VSGcuYDV3q-AAZ9ZPq4fBQ,Nightlife
319,86IjhsgGwc3fUbq8Y_crWw,Paws-A-Tive Dog Training,Southwest,8700 Dean Martin,Las Vegas,NV,89139,36.0394,-115.183,5.0,14,1,86,VSGcuYDV3q-AAZ9ZPq4fBQ,Nightlife
320,86lO1YKYinjazToO1HBuQA,Wells Fargo Bank,Anthem,2658 W Horizon Ridge Pkwy,Henderson,NV,89052,36.0004,-115.104,4.5,11,1,86,VSGcuYDV3q-AAZ9ZPq4fBQ,Nightlife
321,86stmK3Vm2f5W6PdyvuLrQ,Applebee's Neighborhood Grill & Bar,Westside,8730 W Charleston Blvd,Las Vegas,NV,89117,36.1596,-115.286,2.5,85,0,86,VSGcuYDV3q-AAZ9ZPq4fBQ,Nightlife
322,86va6K-wkZGs9REguxgA_w,The Law Office of Frank J Toti Esq,Westside,"6900 Westcliff Dr, Ste 500",Las Vegas,NV,89145,36.1744,-115.247,2.5,3,1,86,VSGcuYDV3q-AAZ9ZPq4fBQ,Nightlife
323,86wtLylJ9fbVuXRy5WU3Zw,Vegan Bites,,"8876 S Eastern Ave, Ste 101",Las Vegas,NV,89123,36.029,-115.115,4.5,128,1,86,VSGcuYDV3q-AAZ9ZPq4fBQ,Nightlife
324,86xm0Q8iX5ZjODWMkvwnxA,Popeyes Louisiana Kitchen,The Strip,"3717 S Las Vegas Blvd, Ste 206A",Las Vegas,NV,89109,36.1088,-115.172,2.5,19,1,86,VSGcuYDV3q-AAZ9ZPq4fBQ,Nightlife
325,8704fzyd_zASVqjzTLEfsQ,Las Vegas Paper Doll,Downtown,231 W Charleston Blvd,Las Vegas,NV,89102,36.1583,-115.158,5.0,5,0,8704,4A4kP972gXDxBQTU4nmyEw,Vegetarian
326,87bozyZ6vtlEDy33Ek_fZw,Grandma Daisy's,,530 Nevada Way,Boulder City,NV,89005,35.9776,-114.838,4.0,72,1,87,1K4qrnfyzKzGgJPBEcJaNQ,Tiki Bars
327,87dH0fqGtd_3TASogmASGA,U.S. Bank,University,University Of Nevada - Las Vegas,Las Vegas,NV,89154,36.1059,-115.139,5.0,3,1,87,1K4qrnfyzKzGgJPBEcJaNQ,Tiki Bars
328,87FfZ-TqyxRjnRnSU8YW6A,Las Vegas Soccer Store,Downtown,1907 E Charleston Blvd,Las Vegas,NV,89104,36.159,-115.123,4.5,8,1,87,1K4qrnfyzKzGgJPBEcJaNQ,Tiki Bars
329,87j14nON0RPB9DSkcWsF7g,Panera Bread,,605 Mall Ring Cir,Henderson,NV,89014,36.0647,-115.039,3.0,144,1,87,1K4qrnfyzKzGgJPBEcJaNQ,Tiki Bars
330,87m3KWcL_Ipc_IiX1cL1zA,University of Phoenix-Las Vegas,Spring Valley,9625 W Saddle Ave,Las Vegas,NV,89147,36.1163,-115.302,2.5,3,1,87,1K4qrnfyzKzGgJPBEcJaNQ,Tiki Bars
331,87YsVbCN_kfzheY79Fzjkg,Pastry Palace,Westside,4523 W Sahara Ave,Las Vegas,NV,89102,36.1436,-115.202,4.0,177,1,87,1K4qrnfyzKzGgJPBEcJaNQ,Tiki Bars
332,87_5-v1dVP77vyH9ugW1xg,Primack Team Property Management,Anthem,"3185 St Rose Pkwy, Ste 100",Henderson,NV,89052,35.9946,-115.12,4.0,5,1,87,1K4qrnfyzKzGgJPBEcJaNQ,Tiki Bars
333,88hHk5Ph4C_sAc5SWYJwlQ,Dream Car Rentals,Southeast,5050 Paradise Rd,Las Vegas,NV,89119,36.0989,-115.149,2.0,21,1,88,1K4qrnfyzKzGgJPBEcJaNQ,Nightlife
334,88qRIXScLQWn1ecabs4PDQ,Custom Cycle Rescue,,,Las Vegas,NV,89135,36.11,-115.367,5.0,4,1,88,1K4qrnfyzKzGgJPBEcJaNQ,Nightlife
335,88trG6dzvbgjVPEUzwTu8A,Pump It Up of Las Vegas,,"3200 W Sunset Rd, Ste 100",Las Vegas,NV,89119,36.0719,-115.184,4.0,79,1,88,1K4qrnfyzKzGgJPBEcJaNQ,Nightlife
336,88vF_9_X9dJwZ7w-hwtMow,Lucky Streak at LAS,Southeast,5757 Wayne Newton Blvd,Las Vegas,NV,89119,36.084,-115.154,3.0,36,1,88,1K4qrnfyzKzGgJPBEcJaNQ,Nightlife
337,892lK6d1Dm5ikKJ1t5v_Vw,Nevada Orthopedic & Spine Center,,"1505 Wigwam Pkwy, Ste 330",Henderson,NV,89074,36.0333,-115.049,2.5,54,1,892,kpM-NegY__31O-XMEEesdg,Sports Wear
338,892U_SGiBR8UODoxczxvIA,High Class Hookah Shop,Westside,"2400 S Jones Blvd, Ste 15",Las Vegas,NV,89146,36.1455,-115.224,5.0,66,1,892,kpM-NegY__31O-XMEEesdg,Sports Wear
339,89gr564KWwUQBVW-faLe_w,Vegas Gold & Jeweler,The Strip,"3049 S Las Vegas Blvd, Ste 10N",Las Vegas,NV,89109,36.1317,-115.164,4.5,11,0,89,1K4qrnfyzKzGgJPBEcJaNQ,Mexican
340,89JOFyRj5uFdK6DvIRfd5g,Sourdough Escape,Anthem,"2530 St Rose Pkwy, Ste 100",Henderson,NV,89074,36.0181,-115.101,4.0,18,0,89,1K4qrnfyzKzGgJPBEcJaNQ,Mexican
341,89LgXRn4lwFy7DQf6j_4Qw,Tbm Electric,Anthem,2371 Flute Ave,Henderson,NV,89052,35.9766,-115.092,5.0,3,1,89,1K4qrnfyzKzGgJPBEcJaNQ,Mexican
342,89mRh-a5opfulKY70RW6zA,TNT Pawn,Westside,7960 W Sahara Ave,Las Vegas,NV,89117,36.1441,-115.265,4.5,13,1,89,1K4qrnfyzKzGgJPBEcJaNQ,Mexican
343,89Nhx37ddA8isjGnOQaGVw,Las Palmas Mariachi Restaurant,Downtown,953 E Sahara Ave,Las Vegas,NV,89104,36.1437,-115.142,3.0,25,0,89,1K4qrnfyzKzGgJPBEcJaNQ,Mexican
344,89vnUXTH9w5uWIrAywdtEA,Little Smiles Pediatric Dentistry,Spring Valley,"6169 S Rainbow Blvd, Ste 100",Las Vegas,NV,89118,36.0765,-115.244,3.5,34,1,89,1K4qrnfyzKzGgJPBEcJaNQ,Mexican
345,89XlgdQKI4A29MV1-YQBPw,Paseo Vista Park,Anthem,2505 Paseo Verde Pkwy,Henderson,NV,89052,36.0196,-115.097,4.5,21,1,89,1K4qrnfyzKzGgJPBEcJaNQ,Mexican
346,89ZtS4I5ev5SCidl6A1lIg,"Cynthia Payne, OD",Westside,"1225 S Ft Apache Rd, Ste 145, Trendsetter Eyewear",Las Vegas,NV,89117,36.1572,-115.292,4.0,22,1,89,1K4qrnfyzKzGgJPBEcJaNQ,Mexican
347,89_-iacfxHnUthGgdhcCkQ,Hertz,Eastside,2121 E Sahara Ave,Las Vegas,NV,89104,36.1425,-115.122,1.0,3,0,89,1K4qrnfyzKzGgJPBEcJaNQ,Mexican
348,909BaH47M7FfjbFniClm6Q,Little Caesars,,"5515 Camino Al Norte, Ste 109",North Las Vegas,NV,89031,36.26,-115.155,2.0,43,1,909,N_W4JlpCw02VPSf5Mrxwqg,Coffee & Tea
349,90AbSkIrgfcsqeh2Hefa_Q,Custom Tan and Spa,Northwest,"7135 W Ann Rd, Ste 110",Las Vegas,NV,89130,36.2618,-115.249,4.5,32,1,90,1K4qrnfyzKzGgJPBEcJaNQ,Restaurants
350,90D27MDIDxRaVBIfZtWtFw,Sahara Medical Institute,Westside,"5781 W Sahara Ave, Ste 500",Las Vegas,NV,89146,36.1435,-115.22,4.0,5,1,90,1K4qrnfyzKzGgJPBEcJaNQ,Restaurants
351,90EvD67k4XMAiDMTw4ypDw,Custom Customs,,249 Elliott Rd,Henderson,NV,89011,36.0667,-115.016,5.0,3,1,90,1K4qrnfyzKzGgJPBEcJaNQ,Restaurants
352,90h1bowwVRAnXJjGHz8MmA,Uceda School,Eastside,"2785 E Desert Inn Rd, Ste 100",Las Vegas,NV,89121,36.1298,-115.115,4.0,4,1,90,1K4qrnfyzKzGgJPBEcJaNQ,Restaurants
353,90h8U2dFi7hjgk5TruxNEg,Proficient Patios & Backyard Designs,Westside,3310 S Valley View Blvd,Las Vegas,NV,89102,36.1295,-115.19,3.0,54,1,90,1K4qrnfyzKzGgJPBEcJaNQ,Restaurants
354,91-IY4opkhD8JtuDxv41Fg,LA Boxing,Anthem,"10740 S Eastern Ave, Ste 150",Henderson,NV,89052,35.9971,-115.101,4.0,12,0,91,1K4qrnfyzKzGgJPBEcJaNQ,Bars
355,91IRPAoblGpw-F-M_RDlKw,Chase Bank,,"6430 W Lake Mead Blvd, Ste 110",Las Vegas,NV,89108,36.1964,-115.235,3.0,8,1,91,1K4qrnfyzKzGgJPBEcJaNQ,Bars
356,91JwvxaCYhLWnAOWp_AmeQ,Popeyes Lousiana Kitchen,The Strip,3850 Las Vegas Blvd S,Las Vegas,NV,89109,36.0987,-115.176,2.5,34,1,91,1K4qrnfyzKzGgJPBEcJaNQ,Bars
357,91PMf4YGWbhruBGOrAel4g,Desert Valley Pediatrics,Summerlin,"10105 Banburry Cross Dr, Ste 370",Las Vegas,NV,89144,36.1808,-115.315,2.5,51,1,91,1K4qrnfyzKzGgJPBEcJaNQ,Bars
358,91q9OoGL7iRaIuvc1gbc9A,A+ Foot Spa,Spring Valley,"5255 S Decatur Blvd, Ste 109",Las Vegas,NV,89118,36.0944,-115.208,2.5,14,1,91,1K4qrnfyzKzGgJPBEcJaNQ,Bars
359,91QARFSeS6hkTSM91CIMOw,Deja Vu Showgirls,,3247 Industrial Rd,Las Vegas,NV,89109,36.1435,-115.165,3.0,59,1,91,1K4qrnfyzKzGgJPBEcJaNQ,Bars
360,91qo90Od0VAT_S6wr487EQ,Pandora,The Strip,3570 Las Vegas Blvd S,Las Vegas,NV,89109,36.1162,-115.175,3.0,4,1,91,1K4qrnfyzKzGgJPBEcJaNQ,Bars
361,91QvXL1NJvs_rZcTiN-D7Q,Pressed Juicery,The Strip,"3200 Las Vegas Blvd, Ste 8503",Las Vegas,NV,89109,36.1272,-115.172,4.5,3,0,91,1K4qrnfyzKzGgJPBEcJaNQ,Bars
362,939j88ceB05Te3D7kQPwSA,VooDoo Rooftop Nightclub & Lounge,,3700 W Flamingo Rd,Las Vegas,NV,89103,36.1163,-115.186,3.5,476,1,939,Rh2smrKvcamnP8VBUgMI0Q,Dim Sum
363,940H9wKesyyEk6Gd2Td3NA,North Tower Park,Summerlin,45 Park Vista Dr,Las Vegas,NV,89138,36.1777,-115.346,4.0,4,1,940,Svs-B-a5-13D2dGTKxLsyw,Restaurants
364,948t6R-3SmAX6L2qTbqEBg,Volume Blowouts,,,Las Vegas,NV,89158,36.1892,-115.189,5.0,8,1,948,_ltkVUDwaI0MTxv8g21k1A,Chinese
365,96icuW9lDAGuj5WOUNli8g,Vegas Pro Studios,Eastside,"3761 Royal Crest St, Ste B-1",Las Vegas,NV,89119,36.1209,-115.15,5.0,3,1,96,AtdXq_gu9NTE5rx4ct_dGg,Coffee & Tea
366,96JiWCNyAZwk20VdWe0KGg,Cash 4 Chaos,University,4110 S Maryland Pkwy,Las Vegas,NV,89119,36.1131,-115.137,4.0,33,1,96,AtdXq_gu9NTE5rx4ct_dGg,Coffee & Tea
367,96qVh_78C2J9tNBT_H9yVw,Fountains At Flamingo Apartments,Eastside,3275 E Flamingo Rd,Las Vegas,NV,89121,36.1123,-115.104,1.5,3,1,96,AtdXq_gu9NTE5rx4ct_dGg,Coffee & Tea
368,96teqV-_jEfXs2NUae6bEA,Rock Paper Bloom,Summerlin,968 Chestnut Chase St,Las Vegas,NV,89138,36.1617,-115.339,5.0,9,1,96,AtdXq_gu9NTE5rx4ct_dGg,Coffee & Tea
369,96waGsOOdQBnpXtu2bd1Rw,Apothecary,The Strip,3327 Las Vegas Blvd S,Las Vegas,NV,89109,36.1241,-115.168,4.5,6,1,96,AtdXq_gu9NTE5rx4ct_dGg,Coffee & Tea
370,96ypzz2KrMNXURw0Ik79jQ,Summerlin Yoga,,"7520 W Washington Ave, Ste 150",Las Vegas,NV,89128,36.1825,-115.256,3.5,24,0,96,AtdXq_gu9NTE5rx4ct_dGg,Coffee & Tea
371,97-_E9JpqbUmaUg33-SOyQ,Pizza Hut,,"2800 E Tropical Pkwy, Ste 110",North Las Vegas,NV,89081,36.2689,-115.111,2.0,15,1,97,AtdXq_gu9NTE5rx4ct_dGg,Food
372,976UWTK9AgW3ZklFSsg2sQ,Pony Party Time,Southwest,,Las Vegas,NV,89141,35.9706,-115.307,5.0,14,1,976,GlZMZrA-whyu1INVXcvRnw,Food
373,97cusyR85-H1aPehjqp22A,Jagua Temporary Tattoo,The Strip,2000 S Las Vegas,Las Vegas,NV,89103,36.1474,-115.155,1.5,9,1,97,AtdXq_gu9NTE5rx4ct_dGg,Food
374,97gIb83pP9AEFmjn1uSWmQ,Half Price Furniture,,"1925 W Craig Rd, Ste 101",North Las Vegas,NV,89032,36.2372,-115.169,4.0,7,1,97,AtdXq_gu9NTE5rx4ct_dGg,Food
375,97kEmDdAU8YSBz5zw3au7w,KFC,,1410 Horizon Ridge Pkwy,Henderson,NV,89012,36.0225,-115.048,1.5,28,0,97,AtdXq_gu9NTE5rx4ct_dGg,Food
376,97O-a6ESZmtcX54gILsIag,Mr. D's Fastlane 76,,432 S Boulder Hwy,Henderson,NV,89015,36.0337,-114.974,4.0,12,1,97,AtdXq_gu9NTE5rx4ct_dGg,Food
377,97TVQZZo_2nMDTeWvqfXXg,Ciao Ciao Cafe & Bar,The Strip,3500 Las Vegas Blvd S,Las Vegas,NV,89109,36.1188,-115.177,3.0,82,1,97,AtdXq_gu9NTE5rx4ct_dGg,Food
378,98d3wyIlKOGC7kMrfeMDNw,Fantastic Sams Hair Salons,Sunrise,"5841 E Charleston Blvd, #240",Las Vegas,NV,89142,36.1581,-115.046,3.0,16,1,98,AtdXq_gu9NTE5rx4ct_dGg,Tea Rooms
379,98hNRWW4AC5IzEg4BP3f5Q,Sushi Bar Sage,Northwest,4408 N Rancho Dr,Las Vegas,NV,89130,36.24,-115.23,3.5,125,1,98,AtdXq_gu9NTE5rx4ct_dGg,Tea Rooms
380,98UNr2GnZvHjUHy-xb_G_A,Basilica Tattoo,Southeast,"7425 S Eastern Ave, Ste 103",Las Vegas,NV,89123,36.0556,-115.119,5.0,12,1,98,AtdXq_gu9NTE5rx4ct_dGg,Tea Rooms
381,98x3OO7D-DOCIzsYW8le2A,Life Saver Pool Fence of Nevada,Westside,"8633 W Charleston, Ste 102-163",Las Vegas,NV,89117,36.1599,-115.279,5.0,8,1,98,AtdXq_gu9NTE5rx4ct_dGg,Tea Rooms
382,999HQ3KN40Hxe3HBRcZD7Q,Colon Hygiene Institute,Westside,2660 S Rainbow Blvd,Las Vegas,NV,89146,36.1411,-115.242,5.0,17,1,999,Qs7X8UTwtp9SvtxvEP4hLg,Beer
383,99AogrVP0Nd5mh61o-D2Tg,Closet World,Southeast,"6672 Spenser St, Ste 1000",Las Vegas,NV,89119,36.069,-115.128,1.5,6,1,99,Dj0S-Oe4ytRJzMGUPgYUkw,Soup
384,99GGf5xXEuLzXVIaAPL5Ug,Los Prados Golf Course,Northwest,5150 Los Prados Cir,Las Vegas,NV,89130,36.2534,-115.216,4.5,16,1,99,Dj0S-Oe4ytRJzMGUPgYUkw,Soup
385,99J_T7NS-Wojhl5JVqnSxw,TSA Checkpoint Terminal 1 - A/B - Mccarran International Airport,Southeast,5757 Wayne Newton Blvd,Las Vegas,NV,89119,36.085,-115.151,2.0,6,1,99,Dj0S-Oe4ytRJzMGUPgYUkw,Soup
386,99kGGQoig4YaRi-52VtqMA,Tropical Smoothie Cafe,Spring Valley,"6555 S Jones Blvd, Ste 110",Las Vegas,NV,89118,36.0699,-115.225,2.0,165,1,99,Dj0S-Oe4ytRJzMGUPgYUkw,Soup
387,99KKeZYRPnz7qDi5USsHmw,Hoover Dam Discovery Tour,,US-93 At The Az Border,Boulder City,NV,89005,36.0099,-114.785,4.0,46,1,99,Dj0S-Oe4ytRJzMGUPgYUkw,Soup
388,99KYZZWzN2VH5L_w1GjaYw,Chili's Grill & Bar,Westside,2520 S Decatur Blvd,Las Vegas,NV,89102,36.144,-115.207,4.0,6,0,99,Dj0S-Oe4ytRJzMGUPgYUkw,Soup
389,99QBevmxeJG7zdG-eCpZvA,Robert Half Technology,Eastside,"3993 Howard Hughes Pkwy, Ste 300",Las Vegas,NV,89169,36.1172,-115.158,4.5,7,1,99,Dj0S-Oe4ytRJzMGUPgYUkw,Soup
390,99QE9dxqNDbx8XkucRLM7A,Smith's,Westside,8555 W Sahara Ave,Las Vegas,NV,89117,36.1427,-115.278,3.5,49,1,99,Dj0S-Oe4ytRJzMGUPgYUkw,Soup
391,99QVCdOhT51MDfDPnhaUzQ,Las Vegas Chiropractic Associates,Northwest,"8960 W Cheyenne Ave, Unit 110",Las Vegas,NV,89129,36.2189,-115.292,5.0,8,1,99,Dj0S-Oe4ytRJzMGUPgYUkw,Soup
392,99RQ6SkI20jFdU_0Wa8m_Q,Raptor Plumbing,Southwest,"8755 Lindell Rd, Ste 100",Las Vegas,NV,89139,36.0307,-115.218,3.0,6,1,99,Dj0S-Oe4ytRJzMGUPgYUkw,Soup
393,99wSiwPzxWHeTGU-rLtLyw,Smart Tires,Eastside,2711 E Sahara Ave,Las Vegas,NV,89104,36.1435,-115.114,2.5,3,1,99,Dj0S-Oe4ytRJzMGUPgYUkw,Soup
394,99Ym32HoiyHCW45B7cC2tQ,Sears Auto Center,,1511 W Sunset Rd,Henderson,NV,89014,36.0625,-115.051,2.5,28,1,99,Dj0S-Oe4ytRJzMGUPgYUkw,Soup
395,99ZD_bwwH-UcF_QaCHKsuA,Lovely Lashes,Spring Valley,4235 S Fort Apache Rd,Las Vegas,NV,89147,36.1123,-115.297,5.0,3,0,99,Dj0S-Oe4ytRJzMGUPgYUkw,Soup
